==> arch=ppc64le platform=linux/ppc64le atom==dev-util/autolith-0.17.2-r1
==> overlay=/home/mndz/repos/com.github/0x6d6e647a/mndz-overlay distdir=/var/cache/distfiles
2026-08-03T20:54:35-07:00
==> starting autolith-probe-ppc64le
==> container uname -m: ppc64le
==> configuring Portage / overlay
setup OK arch=ppc64
--- accept_keywords ---
*/* ~ppc64
dev-util/autolith
>=dev-lisp/sbcl-2.6.4
==> emerge --info (first lines)
Portage 3.0.81.2 (python 3.14.6-final-0, default/linux/ppc64le/23.0, gcc-15, glibc-2.43-r2, 6.18.41-gentoo-dist-bin ppc64le)
=================================================================
System uname: Linux-6.18.41-gentoo-dist-bin-ppc64le-with-glibc2.43
KiB Mem:    65553340 total,  49271264 free
KiB Swap:   83886076 total,  83886076 free
Timestamp of repository gentoo: Sat, 01 Aug 2026 00:45:00 +0000
sh bash 5.3_p9-r2
ld GNU ld (Gentoo 2.46.0 p1) 2.46.0
app-misc/pax-utils:        1.3.10::gentoo
app-shells/bash:           5.3_p9-r2::gentoo
dev-build/autoconf:        2.72-r7::gentoo
dev-build/automake:        1.18.1-r1::gentoo
dev-build/cmake:           4.3.4::gentoo
dev-build/libtool:         2.5.4::gentoo
dev-build/make:            4.4.1-r102::gentoo
dev-build/meson:           1.10.2::gentoo
dev-lang/perl:             5.42.2::gentoo
dev-lang/python:           3.14.6::gentoo
sys-apps/baselayout:       2.18-r1::gentoo
sys-apps/openrc:           0.63.1::gentoo
sys-apps/sandbox:          2.49::gentoo
sys-devel/binutils:        2.46.0::gentoo
sys-devel/binutils-config: 5.6::gentoo
sys-devel/gcc:             15.3.0::gentoo
sys-devel/gcc-config:      2.12.2::gentoo
sys-kernel/linux-headers:  6.18::gentoo (virtual/os-headers)
sys-libs/glibc:            2.43-r2::gentoo
Repositories:

gentoo
    location: /var/db/repos/gentoo
    sync-uri: rsync://rsync.gentoo.org/gentoo-portage
    priority: -1000
    volatile: False

mndz
    location: /var/db/repos/mndz
    masters: gentoo
    volatile: True

Binary Repositories:

gentoo
    location: /var/cache/binhost/gentoo
    priority: 1
    sync-uri: https://gentoo.osuosl.org/releases/ppc/binpackages/23.0/ppc64le
    verify-signature: True

ABI="ppc64"
ABI_PPC="64"
==> emerge -pv =dev-util/autolith-0.17.2-r1
!!! Repository 'gentoo' has sync-uri attribute, but is missing sync-type attribute

Performing Global Updates
(Could take a couple of minutes if you have a lot of binary packages.)
  .='update pass'  *='binary update'  #='/var/db update'  @='/var/db move'
  s='/var/db SLOT move'  %='binary move'  S='binary SLOT move'
  p='update /etc/portage/package.*'
/var/db/repos/gentoo/profiles/updates/1Q-2026...
/var/db/repos/gentoo/profiles/updates/1Q-2023.......................
/var/db/repos/gentoo/profiles/updates/2Q-2022...........
/var/db/repos/gentoo/profiles/updates/2Q-2024...........
/var/db/repos/gentoo/profiles/updates/3Q-2025.......
/var/db/repos/gentoo/profiles/updates/3Q-2021...........
/var/db/repos/gentoo/profiles/updates/4Q-2024.................................................................................
/var/db/repos/gentoo/profiles/updates/2Q-2023..............................
/var/db/repos/gentoo/profiles/updates/3Q-2023...................
/var/db/repos/gentoo/profiles/updates/4Q-2023........................................
/var/db/repos/gentoo/profiles/updates/1Q-2020.........
/var/db/repos/gentoo/profiles/updates/4Q-2025...
/var/db/repos/gentoo/profiles/updates/1Q-2021.......
/var/db/repos/gentoo/profiles/updates/1Q-2025...........................
/var/db/repos/gentoo/profiles/updates/2Q-2021.......
/var/db/repos/gentoo/profiles/updates/2Q-2020.........
/var/db/repos/gentoo/profiles/updates/1Q-2024........................................................................................
/var/db/repos/gentoo/profiles/updates/2Q-2026......
/var/db/repos/gentoo/profiles/updates/4Q-2022........
/var/db/repos/gentoo/profiles/updates/3Q-2022.....................
/var/db/repos/gentoo/profiles/updates/3Q-2020..............
/var/db/repos/gentoo/profiles/updates/2Q-2025......
/var/db/repos/gentoo/profiles/updates/4Q-2021.......................................................................
/var/db/repos/gentoo/profiles/updates/3Q-2024.............
/var/db/repos/gentoo/profiles/updates/4Q-2020.......


!!! Repository 'gentoo' has sync-uri attribute, but is missing sync-type attribute

These are the packages that would be merged, in order:

Calculating dependencies  ... ... ..... ..... done!
Dependency resolution took 70.10 s (backtrack: 8/20).

[ebuild  N     ] dev-lisp/asdf-3.3.5-r1:0/3.3.5-r1::gentoo  USE="-doc -test" 0 KiB
[ebuild  N     ] dev-lisp/uiop-3.3.5::gentoo  0 KiB
[ebuild  N     ] dev-perl/Crypt-URandom-0.550.0::gentoo  USE="-test" PERL_FEATURES="(-debug) -ithreads (-quadmath)" 0 KiB
[ebuild  N     ] dev-perl/TimeDate-2.330.0-r1::gentoo  USE="-test" PERL_FEATURES="(-debug) -ithreads (-quadmath)" 0 KiB
[ebuild  N     ] dev-debug/strace-7.1::gentoo  USE="ncurses -aio -elfutils -perl (-selinux) -static -test -unwind -verify-sig" 0 KiB
[ebuild  N    ~] dev-lisp/sbcl-2.6.7:0/2.6.7::gentoo  USE="source threads unicode zstd -debug -doc -system-bootstrap" 9791 KiB
[ebuild  N     ] virtual/commonlisp-0-r1::gentoo  0 KiB
[ebuild  N     ] dev-perl/Net-SSLeay-1.960.0-r1::gentoo  USE="-examples -minimal -test" PERL_FEATURES="(-debug) -ithreads (-quadmath)" 0 KiB
[ebuild  N     ] virtual/perl-Digest-MD5-2.590.0-r1::gentoo  0 KiB
[ebuild  N     ] virtual/perl-Digest-SHA-6.40.0-r3::gentoo  0 KiB
[ebuild  N     ] app-eselect/eselect-rust-20210703::gentoo  5 KiB
[ebuild  N     ] sys-apps/lsb-release-3.3::gentoo  16 KiB
[ebuild  N    ~] dev-lang/rust-bin-1.97.1:1.97.1::gentoo  USE="clippy rustfmt (-big-endian) (-doc) (-prefix) -rust-analyzer -rust-src -verify-sig" LLVM_SLOT="(22)" 269080 KiB
[ebuild  N     ] dev-perl/Digest-HMAC-1.50.0::gentoo  USE="-test" PERL_FEATURES="(-debug) -ithreads (-quadmath)" 0 KiB
[ebuild  N     ] dev-perl/IO-Socket-SSL-2.95.0::gentoo  USE="-examples -idn -test" PERL_FEATURES="(-debug) -ithreads (-quadmath)" 0 KiB
[ebuild  N     ] virtual/perl-libnet-3.150.0-r3::gentoo  USE="ssl" 0 KiB
[ebuild  N     ] dev-perl/Authen-SASL-2.200.0::gentoo  USE="-kerberos -test" PERL_FEATURES="(-debug) -ithreads (-quadmath)" 0 KiB
[ebuild  N     ] dev-perl/Error-0.170.300-r1::gentoo  USE="-test" PERL_FEATURES="(-debug) -ithreads (-quadmath)" 0 KiB
[ebuild  N     ] dev-perl/MailTools-2.220.0::gentoo  USE="-examples -test" PERL_FEATURES="(-debug) -ithreads (-quadmath)" 0 KiB
[ebuild  NS    ] app-text/docbook-xml-dtd-4.3-r2:4.3::gentoo [4.1.2-r7:4.1.2::gentoo, 4.2-r3:4.2::gentoo, 4.5-r2:4.5::gentoo] 0 KiB
[ebuild  N     ] sys-apps/bubblewrap-0.11.2-r1::gentoo  USE="(-selinux) -suid" 0 KiB
[ebuild  N    ~] dev-vcs/git-2.55.0::gentoo  USE="curl gpg iconv nls pcre perl rust safe-directory webdav -cgi -cvs -debug -doc -highlight -keyring -perforce (-selinux) -subversion -test -tk -xinetd" PYTHON_SINGLE_TARGET="python3_14 -python3_12 -python3_13" 0 KiB
[ebuild  N    ~] dev-util/autolith-0.17.2-r1::mndz  USE="-test" 0 KiB

Total: 23 packages (22 new, 1 in new slot), Size of downloads: 278891 KiB

WARNING: One or more updates/rebuilds have been skipped due to a dependency conflict:

dev-lang/perl:0

  (dev-lang/perl-5.44.0:0/5.44::gentoo, ebuild scheduled for merge) USE="gdbm -berkdb -doc -minimal" PERL_FEATURES="(-debug) -ithreads (-quadmath)" conflicts with
    =dev-lang/perl-5.42* required by (virtual/perl-IO-1.550.0-r1-2:0/0::gentoo, installed) USE=""
    ^              ^^^^^
    dev-lang/perl:0/5.42= required by (virtual/perl-File-Spec-3.940.0-1:0/0::gentoo, installed) USE=""
                 ^^^^^^^^
    dev-lang/perl:0/5.42= required by (virtual/perl-ExtUtils-ParseXS-3.570.0-1:0/0::gentoo, installed) USE=""
                 ^^^^^^^^
    dev-lang/perl:0/5.42= required by (virtual/perl-ExtUtils-MakeMaker-7.760.0-1:0/0::gentoo, installed) USE=""
                 ^^^^^^^^
    dev-lang/perl:0/5.42= required by (virtual/perl-Module-Metadata-1.0.38-r1-2:0/0::gentoo, installed) USE=""
                 ^^^^^^^^
    dev-lang/perl:0/5.42= required by (virtual/perl-ExtUtils-CBuilder-0.280.242-r2-1:0/0::gentoo, installed) USE=""
                 ^^^^^^^^
    =dev-lang/perl-5.42* required by (virtual/perl-File-Spec-3.940.0-1:0/0::gentoo, installed) USE=""
    ^              ^^^^^
    =dev-lang/perl-5.42* required by (virtual/perl-ExtUtils-ParseXS-3.570.0-1:0/0::gentoo, installed) USE=""
    ^              ^^^^^
    =dev-lang/perl-5.42* required by (virtual/perl-ExtUtils-MakeMaker-7.760.0-1:0/0::gentoo, installed) USE=""
    ^              ^^^^^
    =dev-lang/perl-5.42* required by (virtual/perl-Module-Metadata-1.0.38-r1-2:0/0::gentoo, installed) USE=""
    ^              ^^^^^
    =dev-lang/perl-5.42* required by (virtual/perl-ExtUtils-CBuilder-0.280.242-r2-1:0/0::gentoo, installed) USE=""
    ^              ^^^^^
    dev-lang/perl:0/5.42= required by (virtual/perl-CPAN-Meta-2.150.10-r11-2:0/0::gentoo, installed) USE=""
                 ^^^^^^^^
    dev-lang/perl:0/5.42= required by (virtual/perl-version-0.993.300-1:0/0::gentoo, installed) USE=""
                 ^^^^^^^^
    dev-lang/perl:0/5.42= required by (virtual/perl-IO-1.550.0-r1-2:0/0::gentoo, installed) USE=""
                 ^^^^^^^^
    =dev-lang/perl-5.42* required by (virtual/perl-CPAN-Meta-2.150.10-r11-2:0/0::gentoo, installed) USE=""
    ^              ^^^^^
    =dev-lang/perl-5.42* required by (virtual/perl-version-0.993.300-1:0/0::gentoo, installed) USE=""
    ^              ^^^^^


!!! The following update(s) have been skipped due to unsatisfied dependencies
!!! triggered by backtracking:

virtual/perl-Encode:0
virtual/perl-Math-BigInt:0
virtual/perl-Test-Harness:0

 * IMPORTANT: 20 news items need reading for repository 'gentoo'.
 * Use eselect news read to view new items.

==> emerge -1 =dev-util/autolith-0.17.2-r1  (long-running under QEMU)
!!! Repository 'gentoo' has sync-uri attribute, but is missing sync-type attribute
Initializing /etc/portage/gnupg
gpg: Generating Portage local OpenPGP trust key
gpg: done

pub  rsa4096/A13D0EF1914E7A72
     created: 2018-05-28  expires: 2028-07-01  usage: C   
     trust: unknown       validity: unknown
      EF9538C9E8E64311A52CDEDFA13D0EF1914E7A72

     Gentoo repository mirrors (automated git signing key) <repomirrorci@gentoo.org>

This key is due to expire on 2028-07-01.

The signature will be marked as non-exportable.

gpg: "F748E9B3C47E393CC24C8FAF7C2AC09CD98F2EDF" is not the primary fingerprint

pub  rsa4096/DB6B8C1F96D8BF6D
     created: 2011-11-25  expires: 2028-07-01  usage: C   
     trust: unknown       validity: unknown
      DCD05B71EAB94199527F44ACDB6B8C1F96D8BF6D

     Gentoo ebuild repository signing key (Automated Signing Key) <infrastructure@gentoo.org>
     Gentoo Portage Snapshot Signing Key (Automated Signing Key)

This key is due to expire on 2028-07-01.

The signature will be marked as non-exportable.

gpg: "E1D6ABB63BFCFB4BA02FDF1CEC590EEAC9189250" is not the primary fingerprint

pub  dsa1024/9E6438C817072058
     created: 2004-07-20  expires: 2028-07-01  usage: SC  
     trust: unknown       validity: unknown
      D99EAC7379A850BCE47DA5F29E6438C817072058

     Gentoo Linux Release Engineering (Gentoo Linux Release Signing Key) <releng@gentoo.org>

This key is due to expire on 2028-07-01.

The signature will be marked as non-exportable.

gpg: "C7FAC844D6122F080E1821A10403710E1415B4ED" is not the primary fingerprint

pub  rsa4096/BB572E0E2D182910
     created: 2009-08-25  expires: 2028-07-01  usage: SC  
     trust: unknown       validity: unknown
      13EBBDBEDE7A12775DFDB1BABB572E0E2D182910

     Gentoo Linux Release Engineering (Automated Weekly Release Key) <releng@gentoo.org>

This key is due to expire on 2028-07-01.

The signature will be marked as non-exportable.

gpg: "534E4209AB49EEE1C19D96162C44695DB9F6043D" is not the primary fingerprint
gpg: next trustdb check due at 2028-07-01
[gentoo] Local copy of remote index is within TTL and will be used.

 * IMPORTANT: 20 news items need reading for repository 'gentoo'.
 * Use eselect news read to view new items.


These are the packages that would be merged, in order:

Calculating dependencies  .. ==> progress 2026-08-03T20:56:43-07:00 building=[] have=[]
. ... .... done!
Dependency resolution took 69.70 s (backtrack: 8/20).

[ebuild  N     ] dev-lisp/asdf-3.3.5-r1:0/3.3.5-r1::gentoo  USE="-doc -test" 0 KiB
[ebuild  N     ] dev-lisp/uiop-3.3.5::gentoo  0 KiB
[ebuild  N     ] dev-perl/Crypt-URandom-0.550.0::gentoo  USE="-test" PERL_FEATURES="(-debug) -ithreads (-quadmath)" 0 KiB
[ebuild  N     ] dev-perl/TimeDate-2.330.0-r1::gentoo  USE="-test" PERL_FEATURES="(-debug) -ithreads (-quadmath)" 0 KiB
[ebuild  N     ] dev-debug/strace-7.1::gentoo  USE="ncurses -aio -elfutils -perl (-selinux) -static -test -unwind -verify-sig" 0 KiB
[ebuild  N    ~] dev-lisp/sbcl-2.6.7:0/2.6.7::gentoo  USE="source threads unicode zstd -debug -doc -system-bootstrap" 9791 KiB
[ebuild  N     ] virtual/commonlisp-0-r1::gentoo  0 KiB
[ebuild  N     ] dev-perl/Net-SSLeay-1.960.0-r1::gentoo  USE="-examples -minimal -test" PERL_FEATURES="(-debug) -ithreads (-quadmath)" 0 KiB
[ebuild  N     ] virtual/perl-Digest-MD5-2.590.0-r1::gentoo  0 KiB
[ebuild  N     ] virtual/perl-Digest-SHA-6.40.0-r3::gentoo  0 KiB
[ebuild  N     ] app-eselect/eselect-rust-20210703::gentoo  5 KiB
[ebuild  N     ] sys-apps/lsb-release-3.3::gentoo  16 KiB
[ebuild  N    ~] dev-lang/rust-bin-1.97.1:1.97.1::gentoo  USE="clippy rustfmt (-big-endian) (-doc) (-prefix) -rust-analyzer -rust-src -verify-sig" LLVM_SLOT="(22)" 269080 KiB
[ebuild  N     ] dev-perl/Digest-HMAC-1.50.0::gentoo  USE="-test" PERL_FEATURES="(-debug) -ithreads (-quadmath)" 0 KiB
[ebuild  N     ] dev-perl/IO-Socket-SSL-2.95.0::gentoo  USE="-examples -idn -test" PERL_FEATURES="(-debug) -ithreads (-quadmath)" 0 KiB
[ebuild  N     ] virtual/perl-libnet-3.150.0-r3::gentoo  USE="ssl" 0 KiB
[ebuild  N     ] dev-perl/Authen-SASL-2.200.0::gentoo  USE="-kerberos -test" PERL_FEATURES="(-debug) -ithreads (-quadmath)" 0 KiB
[ebuild  N     ] dev-perl/Error-0.170.300-r1::gentoo  USE="-test" PERL_FEATURES="(-debug) -ithreads (-quadmath)" 0 KiB
[ebuild  N     ] dev-perl/MailTools-2.220.0::gentoo  USE="-examples -test" PERL_FEATURES="(-debug) -ithreads (-quadmath)" 0 KiB
[ebuild  NS    ] app-text/docbook-xml-dtd-4.3-r2:4.3::gentoo [4.1.2-r7:4.1.2::gentoo, 4.2-r3:4.2::gentoo, 4.5-r2:4.5::gentoo] 0 KiB
[ebuild  N     ] sys-apps/bubblewrap-0.11.2-r1::gentoo  USE="(-selinux) -suid" 0 KiB
[ebuild  N    ~] dev-vcs/git-2.55.0::gentoo  USE="curl gpg iconv nls pcre perl rust safe-directory webdav -cgi -cvs -debug -doc -highlight -keyring -perforce (-selinux) -subversion -test -tk -xinetd" PYTHON_SINGLE_TARGET="python3_14 -python3_12 -python3_13" 0 KiB
[ebuild  N    ~] dev-util/autolith-0.17.2-r1::mndz  USE="-test" 0 KiB

Total: 23 packages (22 new, 1 in new slot), Size of downloads: 278891 KiB

WARNING: One or more updates/rebuilds have been skipped due to a dependency conflict:

dev-lang/perl:0

  (dev-lang/perl-5.44.0:0/5.44::gentoo, ebuild scheduled for merge) USE="gdbm -berkdb -doc -minimal" PERL_FEATURES="(-debug) -ithreads (-quadmath)" conflicts with
    =dev-lang/perl-5.42* required by (virtual/perl-Module-Metadata-1.0.38-r1-2:0/0::gentoo, installed) USE=""
    ^              ^^^^^
    dev-lang/perl:0/5.42= required by (virtual/perl-ExtUtils-CBuilder-0.280.242-r2-1:0/0::gentoo, installed) USE=""
                 ^^^^^^^^
    =dev-lang/perl-5.42* required by (virtual/perl-File-Spec-3.940.0-1:0/0::gentoo, installed) USE=""
    ^              ^^^^^
    =dev-lang/perl-5.42* required by (virtual/perl-version-0.993.300-1:0/0::gentoo, installed) USE=""
    ^              ^^^^^
    dev-lang/perl:0/5.42= required by (virtual/perl-ExtUtils-ParseXS-3.570.0-1:0/0::gentoo, installed) USE=""
                 ^^^^^^^^
    =dev-lang/perl-5.42* required by (virtual/perl-ExtUtils-CBuilder-0.280.242-r2-1:0/0::gentoo, installed) USE=""
    ^              ^^^^^
    =dev-lang/perl-5.42* required by (virtual/perl-ExtUtils-MakeMaker-7.760.0-1:0/0::gentoo, installed) USE=""
    ^              ^^^^^
    =dev-lang/perl-5.42* required by (virtual/perl-ExtUtils-ParseXS-3.570.0-1:0/0::gentoo, installed) USE=""
    ^              ^^^^^
    dev-lang/perl:0/5.42= required by (virtual/perl-IO-1.550.0-r1-2:0/0::gentoo, installed) USE=""
                 ^^^^^^^^
    dev-lang/perl:0/5.42= required by (virtual/perl-CPAN-Meta-2.150.10-r11-2:0/0::gentoo, installed) USE=""
                 ^^^^^^^^
    dev-lang/perl:0/5.42= required by (virtual/perl-Module-Metadata-1.0.38-r1-2:0/0::gentoo, installed) USE=""
                 ^^^^^^^^
    dev-lang/perl:0/5.42= required by (virtual/perl-version-0.993.300-1:0/0::gentoo, installed) USE=""
                 ^^^^^^^^
    =dev-lang/perl-5.42* required by (virtual/perl-CPAN-Meta-2.150.10-r11-2:0/0::gentoo, installed) USE=""
    ^              ^^^^^
    dev-lang/perl:0/5.42= required by (virtual/perl-ExtUtils-MakeMaker-7.760.0-1:0/0::gentoo, installed) USE=""
                 ^^^^^^^^
    dev-lang/perl:0/5.42= required by (virtual/perl-File-Spec-3.940.0-1:0/0::gentoo, installed) USE=""
                 ^^^^^^^^
    =dev-lang/perl-5.42* required by (virtual/perl-IO-1.550.0-r1-2:0/0::gentoo, installed) USE=""
    ^              ^^^^^


!!! The following update(s) have been skipped due to unsatisfied dependencies
!!! triggered by backtracking:

virtual/perl-Encode:0
virtual/perl-Math-BigInt:0
virtual/perl-Test-Harness:0
>>> Verifying ebuild manifests

>>> Jobs: 0 of 23 complete, 1 running                                   Load avg: 1.70, 1.47, 1.43
>>> Emerging (1 of 23) dev-lisp/asdf-3.3.5-r1::gentoo
>>> Jobs: 0 of 23 complete, 1 running                                   Load avg: 1.70, 1.47, 1.43
>>> Jobs: 0 of 23 complete                                              Load avg: 1.63, 1.49, 1.44
>>> Installing (1 of 23) dev-lisp/asdf-3.3.5-r1::gentoo
>>> Jobs: 0 of 23 complete, 1 merge wait                                Load avg: 1.63, 1.49, 1.44
>>> Completed (1 of 23) dev-lisp/asdf-3.3.5-r1::gentoo
>>> Jobs: 0 of 23 complete                                              Load avg: 1.45, 1.46, 1.43
>>> Jobs: 1 of 23 complete                                              Load avg: 1.45, 1.46, 1.43
>>> Jobs: 1 of 23 complete, 1 running                                   Load avg: 1.45, 1.46, 1.43
>>> Emerging (2 of 23) dev-lisp/uiop-3.3.5::gentoo
>>> Jobs: 1 of 23 complete, 1 running                                   Load avg: 1.45, 1.46, 1.43
>>> Jobs: 1 of 23 complete                                              Load avg: 1.55, 1.49, 1.45
>>> Installing (2 of 23) dev-lisp/uiop-3.3.5::gentoo
>>> Jobs: 1 of 23 complete, 1 merge wait                                Load avg: 1.55, 1.49, 1.45
>>> Completed (2 of 23) dev-lisp/uiop-3.3.5::gentoo
>>> Jobs: 1 of 23 complete                                              Load avg: 1.52, 1.49, 1.45
>>> Jobs: 2 of 23 complete                                              Load avg: 1.52, 1.49, 1.45
>>> Jobs: 2 of 23 complete, 1 running                                   Load avg: 1.52, 1.49, 1.45
>>> Emerging (3 of 23) dev-perl/Crypt-URandom-0.550.0::gentoo
>>> Jobs: 2 of 23 complete, 1 running                                   Load avg: 1.52, 1.49, 1.45
>>> Jobs: 2 of 23 complete                                              Load avg: 2.07, 1.66, 1.51
>>> Installing (3 of 23) dev-perl/Crypt-URandom-0.550.0::gentoo
>>> Jobs: 2 of 23 complete, 1 merge wait                                Load avg: 2.07, 1.66, 1.51
>>> Completed (3 of 23) dev-perl/Crypt-URandom-0.550.0::gentoo
>>> Jobs: 2 of 23 complete                                              Load avg: 2.15, 1.71, 1.53
>>> Jobs: 3 of 23 complete                                              Load avg: 2.15, 1.71, 1.53
>>> Jobs: 3 of 23 complete, 1 running                                   Load avg: 2.15, 1.71, 1.53
>>> Emerging (4 of 23) dev-perl/TimeDate-2.330.0-r1::gentoo
>>> Jobs: 3 of 23 complete, 1 running                                   Load avg: 2.15, 1.71, 1.53
==> progress 2026-08-03T21:01:44-07:00 building=[dev-perl ] have=[]
>>> Jobs: 3 of 23 complete                                              Load avg: 2.26, 1.80, 1.57
>>> Installing (4 of 23) dev-perl/TimeDate-2.330.0-r1::gentoo
>>> Jobs: 3 of 23 complete, 1 merge wait                                Load avg: 2.26, 1.80, 1.57
>>> Completed (4 of 23) dev-perl/TimeDate-2.330.0-r1::gentoo
>>> Jobs: 3 of 23 complete                                              Load avg: 1.90, 1.75, 1.56
>>> Jobs: 4 of 23 complete                                              Load avg: 1.90, 1.75, 1.56
>>> Jobs: 4 of 23 complete, 1 running                                   Load avg: 1.90, 1.75, 1.56
>>> Emerging (5 of 23) dev-debug/strace-7.1::gentoo
>>> Jobs: 4 of 23 complete, 1 running                                   Load avg: 1.90, 1.75, 1.56
==> progress 2026-08-03T21:06:45-07:00 building=[dev-debug ] have=[]
==> progress 2026-08-03T21:11:46-07:00 building=[dev-debug ] have=[]
==> progress 2026-08-03T21:16:47-07:00 building=[dev-debug ] have=[]
>>> Jobs: 4 of 23 complete                                              Load avg: 1.88, 2.11, 1.91
>>> Installing (5 of 23) dev-debug/strace-7.1::gentoo
>>> Jobs: 4 of 23 complete, 1 merge wait                                Load avg: 1.88, 2.11, 1.91
>>> Completed (5 of 23) dev-debug/strace-7.1::gentoo
>>> Jobs: 4 of 23 complete                                              Load avg: 1.69, 2.05, 1.89
>>> Jobs: 5 of 23 complete                                              Load avg: 1.69, 2.05, 1.89
>>> Jobs: 5 of 23 complete, 1 running                                   Load avg: 1.69, 2.05, 1.89
>>> Emerging (6 of 23) dev-lisp/sbcl-2.6.7::gentoo
>>> Jobs: 5 of 23 complete, 1 running                                   Load avg: 1.69, 2.05, 1.89
>>> Failed to emerge dev-lisp/sbcl-2.6.7, Log file:
>>> Jobs: 5 of 23 complete, 1 running                                   Load avg: 1.63, 2.04, 1.89
>>>  '/var/tmp/portage/dev-lisp/sbcl-2.6.7/temp/build.log'
>>> Jobs: 5 of 23 complete, 1 running                                   Load avg: 1.63, 2.04, 1.89
>>> Jobs: 5 of 23 complete, 1 running, 1 failed                         Load avg: 1.63, 2.04, 1.89
>>> Jobs: 5 of 23 complete, 1 failed                                    Load avg: 1.63, 2.04, 1.89

 * sbcl-2.6.7-source.tar.bz2 BLAKE2B SHA512 size ;-) ...                 [ ok ]
 * bsd-sockets-test-2.3.6.patch.gz BLAKE2B SHA512 size ;-) ...           [ ok ]
>>> Downloading 'http://distfiles.gentoo.org/distfiles/layout.conf'
--2026-08-04 04:21:23--  http://distfiles.gentoo.org/distfiles/layout.conf
Resolving distfiles.gentoo.org... 143.244.51.58, 143.244.51.246, 89.187.187.11, ...
Connecting to distfiles.gentoo.org|143.244.51.58|:80... connected.
HTTP request sent, awaiting response... 200 OK
Length: 38 [text/plain]
Saving to: ‘/var/cache/distfiles/.layout.conf.distfiles.gentoo.org.__download__’

     0K                                                       100%  163K=0s

2026-08-04 04:21:23 (163 KB/s) - ‘/var/cache/distfiles/.layout.conf.distfiles.gentoo.org.__download__’ saved [38/38]

!!! Failed to move /var/cache/distfiles/.layout.conf.distfiles.gentoo.org.__download__ to /var/cache/distfiles/.layout.conf.distfiles.gentoo.org
!!! [Errno 1] Operation not permitted: '/var/cache/distfiles/.layout.conf.distfiles.gentoo.org.__download__' -> '/var/cache/distfiles/.layout.conf.distfiles.gentoo.org'
Process Process-65:
Traceback (most recent call last):
  File "/usr/lib/python3.14/multiprocessing/process.py", line 320, in _bootstrap
    self.run()
    ~~~~~~~~^^
  File "/usr/lib/python3.14/multiprocessing/process.py", line 108, in run
    self._target(*self._args, **self._kwargs)
    ~~~~~~~~~~~~^^^^^^^^^^^^^^^^^^^^^^^^^^^^^
  File "/usr/lib/python3.14/site-packages/portage/util/_async/ForkProcess.py", line 336, in _bootstrap
    sys.exit(target(*(args or []), **(kwargs or {})))
             ~~~~~~^^^^^^^^^^^^^^^^^^^^^^^^^^^^^^^^^
  File "/usr/lib/python3.14/site-packages/_emerge/EbuildFetcher.py", line 337, in _target
    return asyncio.run(main())
           ~~~~~~~~~~~^^^^^^^^
  File "/usr/lib/python3.14/site-packages/portage/util/futures/_asyncio/__init__.py", line 116, in run
    return _safe_loop().run_until_complete(coro)
           ~~~~~~~~~~~~~~~~~~~~~~~~~~~~~~~^^^^^^
  File "/usr/lib/python3.14/site-packages/portage/util/_eventloop/asyncio_event_loop.py", line 169, in _run_until_complete
    return self._loop.run_until_complete(future)
           ~~~~~~~~~~~~~~~~~~~~~~~~~~~~~^^^^^^^^
  File "/usr/lib/python3.14/asyncio/base_events.py", line 719, in run_until_complete
    return future.result()
           ~~~~~~~~~~~~~^^
  File "/usr/lib/python3.14/site-packages/_emerge/EbuildFetcher.py", line 311, in main
    await task
  File "/usr/lib/python3.14/site-packages/portage/package/ebuild/fetch.py", line 1633, in async_fetch
    loc = await loc()
          ^^^^^^^^^^^
  File "/usr/lib/python3.14/site-packages/portage/package/ebuild/fetch.py", line 752, in async_mirror_url
    elif await async_fetch(
         ^^^^^^^^^^^^^^^^^^
    ...<4 lines>...
    ):
    ^
  File "/usr/lib/python3.14/site-packages/portage/package/ebuild/fetch.py", line 2018, in async_fetch
    _movefile(
    ~~~~~~~~~^
        download_path, myfile_path, mysettings=mysettings
        ^^^^^^^^^^^^^^^^^^^^^^^^^^^^^^^^^^^^^^^^^^^^^^^^^
    )
    ^
  File "/usr/lib/python3.14/site-packages/portage/__init__.py", line 564, in _movefile
    raise portage.exception.PortageException(f"mv '{src}' '{dest}'")
portage.exception.PortageException: mv '/var/cache/distfiles/.layout.conf.distfiles.gentoo.org.__download__' '/var/cache/distfiles/.layout.conf.distfiles.gentoo.org'

 * GNU info directory index is up-to-date.

 * IMPORTANT: 20 news items need reading for repository 'gentoo'.
 * Use eselect news read to view new items.

==> emerge exit=1
==> FAILED emerge on ppc64le
2026-08-03T21:21:24-07:00
==> RESUME emerge after DISTDIR layout.conf fix 2026-08-03T21:27:12-07:00
!!! Repository 'gentoo' has sync-uri attribute, but is missing sync-type attribute
[gentoo] Local copy of remote index is within TTL and will be used.

 * IMPORTANT: 20 news items need reading for repository 'gentoo'.
 * Use eselect news read to view new items.


These are the packages that would be merged, in order:

Calculating dependencies  ..... .... done!
Dependency resolution took 61.78 s (backtrack: 8/20).

[ebuild  N    ~] dev-lisp/sbcl-2.6.7:0/2.6.7::gentoo  USE="source threads unicode zstd -debug -doc -system-bootstrap" 9791 KiB
[ebuild  N     ] dev-perl/Net-SSLeay-1.960.0-r1::gentoo  USE="-examples -minimal -test" PERL_FEATURES="(-debug) -ithreads (-quadmath)" 0 KiB
[ebuild  N     ] virtual/perl-Digest-MD5-2.590.0-r1::gentoo  0 KiB
[ebuild  N     ] virtual/perl-Digest-SHA-6.40.0-r3::gentoo  0 KiB
[ebuild  N     ] sys-apps/lsb-release-3.3::gentoo  16 KiB
[ebuild  N     ] dev-perl/Digest-HMAC-1.50.0::gentoo  USE="-test" PERL_FEATURES="(-debug) -ithreads (-quadmath)" 0 KiB
[ebuild  N     ] dev-perl/IO-Socket-SSL-2.95.0::gentoo  USE="-examples -idn -test" PERL_FEATURES="(-debug) -ithreads (-quadmath)" 0 KiB
[ebuild  N     ] virtual/perl-libnet-3.150.0-r3::gentoo  USE="ssl" 0 KiB
[ebuild  N     ] dev-perl/Authen-SASL-2.200.0::gentoo  USE="-kerberos -test" PERL_FEATURES="(-debug) -ithreads (-quadmath)" 0 KiB
[ebuild  N     ] dev-perl/Error-0.170.300-r1::gentoo  USE="-test" PERL_FEATURES="(-debug) -ithreads (-quadmath)" 0 KiB
[ebuild  N     ] dev-perl/MailTools-2.220.0::gentoo  USE="-examples -test" PERL_FEATURES="(-debug) -ithreads (-quadmath)" 0 KiB
[ebuild  N     ] app-eselect/eselect-rust-20210703::gentoo  5 KiB
[ebuild  N    ~] dev-lang/rust-bin-1.97.1:1.97.1::gentoo  USE="clippy rustfmt (-big-endian) (-doc) (-prefix) -rust-analyzer -rust-src -verify-sig" LLVM_SLOT="(22)" 269080 KiB
[ebuild  NS    ] app-text/docbook-xml-dtd-4.3-r2:4.3::gentoo [4.1.2-r7:4.1.2::gentoo, 4.2-r3:4.2::gentoo, 4.5-r2:4.5::gentoo] 0 KiB
[ebuild  N     ] sys-apps/bubblewrap-0.11.2-r1::gentoo  USE="(-selinux) -suid" 0 KiB
[ebuild  N    ~] dev-vcs/git-2.55.0::gentoo  USE="curl gpg iconv nls pcre perl rust safe-directory webdav -cgi -cvs -debug -doc -highlight -keyring -perforce (-selinux) -subversion -test -tk -xinetd" PYTHON_SINGLE_TARGET="python3_14 -python3_12 -python3_13" 0 KiB
[ebuild  N    ~] dev-util/autolith-0.17.2-r1::mndz  USE="-test" 0 KiB

Total: 17 packages (16 new, 1 in new slot), Size of downloads: 278891 KiB

WARNING: One or more updates/rebuilds have been skipped due to a dependency conflict:

dev-lang/perl:0

  (dev-lang/perl-5.44.0:0/5.44::gentoo, ebuild scheduled for merge) USE="gdbm -berkdb -doc -minimal" PERL_FEATURES="(-debug) -ithreads (-quadmath)" conflicts with
    dev-lang/perl:0/5.42= required by (virtual/perl-Module-Metadata-1.0.38-r1-2:0/0::gentoo, installed) USE=""
                 ^^^^^^^^
    =dev-lang/perl-5.42* required by (virtual/perl-File-Spec-3.940.0-1:0/0::gentoo, installed) USE=""
    ^              ^^^^^
    =dev-lang/perl-5.42* required by (virtual/perl-ExtUtils-ParseXS-3.570.0-1:0/0::gentoo, installed) USE=""
    ^              ^^^^^
    dev-lang/perl:0/5.42= required by (virtual/perl-IO-1.550.0-r1-2:0/0::gentoo, installed) USE=""
                 ^^^^^^^^
    =dev-lang/perl-5.42* required by (virtual/perl-IO-1.550.0-r1-2:0/0::gentoo, installed) USE=""
    ^              ^^^^^
    dev-lang/perl:0/5.42= required by (virtual/perl-ExtUtils-MakeMaker-7.760.0-1:0/0::gentoo, installed) USE=""
                 ^^^^^^^^
    =dev-lang/perl-5.42* required by (virtual/perl-Module-Metadata-1.0.38-r1-2:0/0::gentoo, installed) USE=""
    ^              ^^^^^
    =dev-lang/perl-5.42* required by (virtual/perl-ExtUtils-MakeMaker-7.760.0-1:0/0::gentoo, installed) USE=""
    ^              ^^^^^
    dev-lang/perl:0/5.42= required by (virtual/perl-version-0.993.300-1:0/0::gentoo, installed) USE=""
                 ^^^^^^^^
    dev-lang/perl:0/5.42= required by (virtual/perl-File-Spec-3.940.0-1:0/0::gentoo, installed) USE=""
                 ^^^^^^^^
    dev-lang/perl:0/5.42= required by (virtual/perl-ExtUtils-CBuilder-0.280.242-r2-1:0/0::gentoo, installed) USE=""
                 ^^^^^^^^
    dev-lang/perl:0/5.42= required by (virtual/perl-CPAN-Meta-2.150.10-r11-2:0/0::gentoo, installed) USE=""
                 ^^^^^^^^
    dev-lang/perl:0/5.42= required by (virtual/perl-ExtUtils-ParseXS-3.570.0-1:0/0::gentoo, installed) USE=""
                 ^^^^^^^^
    =dev-lang/perl-5.42* required by (virtual/perl-CPAN-Meta-2.150.10-r11-2:0/0::gentoo, installed) USE=""
    ^              ^^^^^
    =dev-lang/perl-5.42* required by (virtual/perl-ExtUtils-CBuilder-0.280.242-r2-1:0/0::gentoo, installed) USE=""
    ^              ^^^^^
    =dev-lang/perl-5.42* required by (virtual/perl-version-0.993.300-1:0/0::gentoo, installed) USE=""
    ^              ^^^^^


!!! The following update(s) have been skipped due to unsatisfied dependencies
!!! triggered by backtracking:

virtual/perl-Encode:0
virtual/perl-Math-BigInt:0
virtual/perl-Test-Harness:0
>>> Verifying ebuild manifests

>>> Jobs: 0 of 17 complete, 1 running                                   Load avg: 0.91, 0.88, 1.35
>>> Emerging (1 of 17) dev-lisp/sbcl-2.6.7::gentoo
>>> Jobs: 0 of 17 complete, 1 running                                   Load avg: 0.91, 0.88, 1.35
>>> Failed to emerge dev-lisp/sbcl-2.6.7, Log file:
>>> Jobs: 0 of 17 complete, 1 running                                   Load avg: 0.91, 0.88, 1.35
>>>  '/var/tmp/portage/dev-lisp/sbcl-2.6.7/temp/build.log'
>>> Jobs: 0 of 17 complete, 1 running                                   Load avg: 0.91, 0.88, 1.35
>>> Jobs: 0 of 17 complete, 1 running, 1 failed                         Load avg: 0.91, 0.88, 1.35
>>> Jobs: 0 of 17 complete, 1 failed                                    Load avg: 0.91, 0.88, 1.35

 * sbcl-2.6.7-source.tar.bz2 BLAKE2B SHA512 size ;-) ...                 [ ok ]
 * bsd-sockets-test-2.3.6.patch.gz BLAKE2B SHA512 size ;-) ...           [ ok ]
>>> Downloading 'http://distfiles.gentoo.org/distfiles/layout.conf'
--2026-08-04 04:28:31--  http://distfiles.gentoo.org/distfiles/layout.conf
Resolving distfiles.gentoo.org... 143.244.51.58, 143.244.51.246, 89.187.187.13, ...
Connecting to distfiles.gentoo.org|143.244.51.58|:80... connected.
HTTP request sent, awaiting response... 200 OK
Length: 38 [text/plain]
Saving to: ‘/var/cache/distfiles/.layout.conf.distfiles.gentoo.org.__download__’

     0K                                                       100%  207K=0s

2026-08-04 04:28:31 (207 KB/s) - ‘/var/cache/distfiles/.layout.conf.distfiles.gentoo.org.__download__’ saved [38/38]

Process Process-8:
Traceback (most recent call last):
  File "/usr/lib/python3.14/multiprocessing/process.py", line 320, in _bootstrap
    self.run()
    ~~~~~~~~^^
  File "/usr/lib/python3.14/multiprocessing/process.py", line 108, in run
    self._target(*self._args, **self._kwargs)
    ~~~~~~~~~~~~^^^^^^^^^^^^^^^^^^^^^^^^^^^^^
  File "/usr/lib/python3.14/site-packages/portage/util/_async/ForkProcess.py", line 336, in _bootstrap
    sys.exit(target(*(args or []), **(kwargs or {})))
             ~~~~~~^^^^^^^^^^^^^^^^^^^^^^^^^^^^^^^^^
  File "/usr/lib/python3.14/site-packages/_emerge/EbuildFetcher.py", line 337, in _target
    return asyncio.run(main())
           ~~~~~~~~~~~^^^^^^^^
  File "/usr/lib/python3.14/site-packages/portage/util/futures/_asyncio/__init__.py", line 116, in run
    return _safe_loop().run_until_complete(coro)
           ~~~~~~~~~~~~~~~~~~~~~~~~~~~~~~~^^^^^^
  File "/usr/lib/python3.14/site-packages/portage/util/_eventloop/asyncio_event_loop.py", line 169, in _run_until_complete
    return self._loop.run_until_complete(future)
           ~~~~~~~~~~~~~~~~~~~~~~~~~~~~~^^^^^^^^
  File "/usr/lib/python3.14/asyncio/base_events.py", line 719, in run_until_complete
    return future.result()
           ~~~~~~~~~~~~~^^
  File "/usr/lib/python3.14/site-packages/_emerge/EbuildFetcher.py", line 311, in main
    await task
  File "/usr/lib/python3.14/site-packages/portage/package/ebuild/fetch.py", line 1633, in async_fetch
    loc = await loc()
          ^^^^^^^^^^^
  File "/usr/lib/python3.14/site-packages/portage/package/ebuild/fetch.py", line 769, in async_mirror_url
    f.close()
    ~~~~~~~^^
  File "/usr/lib/python3.14/site-packages/portage/util/__init__.py", line 1497, in close
    os.rename(tmp_name, real_name)
    ~~~~~~~~~^^^^^^^^^^^^^^^^^^^^^
PermissionError: [Errno 1] Operation not permitted: '/var/cache/distfiles/.mirror-cache.jsonknbnx066' -> '/var/cache/distfiles/.mirror-cache.json'
EMERGE_EXIT=1
==> RESUME2 emerge as root (-userpriv) 2026-08-03T21:29:07-07:00
!!! Repository 'gentoo' has sync-uri attribute, but is missing sync-type attribute
[gentoo] Local copy of remote index is within TTL and will be used.

 * IMPORTANT: 20 news items need reading for repository 'gentoo'.
 * Use eselect news read to view new items.


These are the packages that would be merged, in order:

Calculating dependencies  ... ... /usr/sbin/bash: line 1: 35537 Killed                     emerge -1 =dev-util/autolith-0.17.2-r1
EMERGE_EXIT=137
==> RESUME3 with local DISTDIR 2026-08-03T21:29:48-07:00
!!! Repository 'gentoo' has sync-uri attribute, but is missing sync-type attribute
[gentoo] Local copy of remote index is within TTL and will be used.

 * IMPORTANT: 20 news items need reading for repository 'gentoo'.
 * Use eselect news read to view new items.


These are the packages that would be merged, in order:

Calculating dependencies  .... ./usr/sbin/bash: line 1: 35717 Killed                     emerge -1 =dev-util/autolith-0.17.2-r1
EMERGE_EXIT=137
==> RESUME4 local DISTDIR seeded 2026-08-03T21:30:22-07:00
!!! Repository 'gentoo' has sync-uri attribute, but is missing sync-type attribute
[gentoo] Local copy of remote index is within TTL and will be used.

 * IMPORTANT: 20 news items need reading for repository 'gentoo'.
 * Use eselect news read to view new items.


These are the packages that would be merged, in order:

Calculating dependencies  . ..... . .... done!
Dependency resolution took 63.54 s (backtrack: 8/20).

[ebuild  N    ~] dev-lisp/sbcl-2.6.7:0/2.6.7::gentoo  USE="source threads unicode zstd -debug -doc -system-bootstrap" 9791 KiB
[ebuild  N     ] dev-perl/Net-SSLeay-1.960.0-r1::gentoo  USE="-examples -minimal -test" PERL_FEATURES="(-debug) -ithreads (-quadmath)" 653 KiB
[ebuild  N     ] virtual/perl-Digest-MD5-2.590.0-r1::gentoo  0 KiB
[ebuild  N     ] virtual/perl-Digest-SHA-6.40.0-r3::gentoo  0 KiB
[ebuild  N     ] sys-apps/lsb-release-3.3::gentoo  16 KiB
[ebuild  N     ] dev-perl/Digest-HMAC-1.50.0::gentoo  USE="-test" PERL_FEATURES="(-debug) -ithreads (-quadmath)" 15 KiB
[ebuild  N     ] dev-perl/IO-Socket-SSL-2.95.0::gentoo  USE="-examples -idn -test" PERL_FEATURES="(-debug) -ithreads (-quadmath)" 270 KiB
[ebuild  N     ] virtual/perl-libnet-3.150.0-r3::gentoo  USE="ssl" 0 KiB
[ebuild  N     ] dev-perl/Authen-SASL-2.200.0::gentoo  USE="-kerberos -test" PERL_FEATURES="(-debug) -ithreads (-quadmath)" 41 KiB
[ebuild  N     ] dev-perl/Error-0.170.300-r1::gentoo  USE="-test" PERL_FEATURES="(-debug) -ithreads (-quadmath)" 33 KiB
[ebuild  N     ] dev-perl/MailTools-2.220.0::gentoo  USE="-examples -test" PERL_FEATURES="(-debug) -ithreads (-quadmath)" 58 KiB
[ebuild  N     ] app-eselect/eselect-rust-20210703::gentoo  5 KiB
[ebuild  N    ~] dev-lang/rust-bin-1.97.1:1.97.1::gentoo  USE="clippy rustfmt (-big-endian) (-doc) (-prefix) -rust-analyzer -rust-src -verify-sig" LLVM_SLOT="(22)" 269080 KiB
[ebuild  NS    ] app-text/docbook-xml-dtd-4.3-r2:4.3::gentoo [4.1.2-r7:4.1.2::gentoo, 4.2-r3:4.2::gentoo, 4.5-r2:4.5::gentoo] 82 KiB
[ebuild  N     ] sys-apps/bubblewrap-0.11.2-r1::gentoo  USE="(-selinux) -suid" 114 KiB
[ebuild  N    ~] dev-vcs/git-2.55.0::gentoo  USE="curl gpg iconv nls pcre perl rust safe-directory webdav -cgi -cvs -debug -doc -highlight -keyring -perforce (-selinux) -subversion -test -tk -xinetd" PYTHON_SINGLE_TARGET="python3_14 -python3_12 -python3_13" 8601 KiB
[ebuild  N    ~] dev-util/autolith-0.17.2-r1::mndz  USE="-test" 0 KiB

Total: 17 packages (16 new, 1 in new slot), Size of downloads: 288755 KiB

WARNING: One or more updates/rebuilds have been skipped due to a dependency conflict:

dev-lang/perl:0

  (dev-lang/perl-5.44.0:0/5.44::gentoo, ebuild scheduled for merge) USE="gdbm -berkdb -doc -minimal" PERL_FEATURES="(-debug) -ithreads (-quadmath)" conflicts with
    =dev-lang/perl-5.42* required by (virtual/perl-ExtUtils-ParseXS-3.570.0-1:0/0::gentoo, installed) USE=""
    ^              ^^^^^
    dev-lang/perl:0/5.42= required by (virtual/perl-ExtUtils-MakeMaker-7.760.0-1:0/0::gentoo, installed) USE=""
                 ^^^^^^^^
    dev-lang/perl:0/5.42= required by (virtual/perl-ExtUtils-ParseXS-3.570.0-1:0/0::gentoo, installed) USE=""
                 ^^^^^^^^
    dev-lang/perl:0/5.42= required by (virtual/perl-IO-1.550.0-r1-2:0/0::gentoo, installed) USE=""
                 ^^^^^^^^
    =dev-lang/perl-5.42* required by (virtual/perl-Module-Metadata-1.0.38-r1-2:0/0::gentoo, installed) USE=""
    ^              ^^^^^
    =dev-lang/perl-5.42* required by (virtual/perl-version-0.993.300-1:0/0::gentoo, installed) USE=""
    ^              ^^^^^
    dev-lang/perl:0/5.42= required by (virtual/perl-Module-Metadata-1.0.38-r1-2:0/0::gentoo, installed) USE=""
                 ^^^^^^^^
    dev-lang/perl:0/5.42= required by (virtual/perl-version-0.993.300-1:0/0::gentoo, installed) USE=""
                 ^^^^^^^^
    =dev-lang/perl-5.42* required by (virtual/perl-ExtUtils-CBuilder-0.280.242-r2-1:0/0::gentoo, installed) USE=""
    ^              ^^^^^
    =dev-lang/perl-5.42* required by (virtual/perl-IO-1.550.0-r1-2:0/0::gentoo, installed) USE=""
    ^              ^^^^^
    dev-lang/perl:0/5.42= required by (virtual/perl-ExtUtils-CBuilder-0.280.242-r2-1:0/0::gentoo, installed) USE=""
                 ^^^^^^^^
    =dev-lang/perl-5.42* required by (virtual/perl-CPAN-Meta-2.150.10-r11-2:0/0::gentoo, installed) USE=""
    ^              ^^^^^
    =dev-lang/perl-5.42* required by (virtual/perl-File-Spec-3.940.0-1:0/0::gentoo, installed) USE=""
    ^              ^^^^^
    dev-lang/perl:0/5.42= required by (virtual/perl-CPAN-Meta-2.150.10-r11-2:0/0::gentoo, installed) USE=""
                 ^^^^^^^^
    dev-lang/perl:0/5.42= required by (virtual/perl-File-Spec-3.940.0-1:0/0::gentoo, installed) USE=""
                 ^^^^^^^^
    =dev-lang/perl-5.42* required by (virtual/perl-ExtUtils-MakeMaker-7.760.0-1:0/0::gentoo, installed) USE=""
    ^              ^^^^^


!!! The following update(s) have been skipped due to unsatisfied dependencies
!!! triggered by backtracking:

virtual/perl-Encode:0
virtual/perl-Math-BigInt:0
virtual/perl-Test-Harness:0
>>> Verifying ebuild manifests

>>> Jobs: 0 of 17 complete, 1 running                                   Load avg: 1.44, 1.05, 1.31
>>> Emerging (1 of 17) dev-lisp/sbcl-2.6.7::gentoo
>>> Jobs: 0 of 17 complete, 1 running                                   Load avg: 1.44, 1.05, 1.31
>>> Failed to emerge dev-lisp/sbcl-2.6.7, Log file:
>>> Jobs: 0 of 17 complete, 1 running                                   Load avg: 1.98, 1.25, 1.37
>>>  '/var/tmp/portage/dev-lisp/sbcl-2.6.7/temp/build.log'
>>> Jobs: 0 of 17 complete, 1 running                                   Load avg: 1.98, 1.25, 1.37
>>> Jobs: 0 of 17 complete, 1 running, 1 failed                         Load avg: 1.98, 1.25, 1.37
>>> Jobs: 0 of 17 complete, 1 failed                                    Load avg: 1.98, 1.25, 1.37

[32m * [39;49;00mPackage:    dev-lisp/sbcl-2.6.7:0/2.6.7
[32m * [39;49;00mRepository: gentoo
[32m * [39;49;00mMaintainer: grozin@gentoo.org common-lisp@gentoo.org
[32m * [39;49;00mUSE:        elibc_glibc kernel_linux ppc64 source threads unicode zstd
[32m * [39;49;00mFEATURES:   preserve-libs sandbox
>>> Unpacking source...
>>> Unpacking 'sbcl-2.6.7-source.tar.bz2' to /var/tmp/portage/dev-lisp/sbcl-2.6.7/work
>>> Unpacking 'bsd-sockets-test-2.3.6.patch.gz' to /var/tmp/portage/dev-lisp/sbcl-2.6.7/work
>>> Unpacking 'sbcl-1.5.8-ppc64le-linux-binary.tar.bz2' to /var/tmp/portage/dev-lisp/sbcl-2.6.7/work
>>> Source unpacked in /var/tmp/portage/dev-lisp/sbcl-2.6.7/work
>>> Preparing source in /var/tmp/portage/dev-lisp/sbcl-2.6.7/work/sbcl-2.6.7 ...
 [32m*[0m Applying concurrency-test-2.5.10.patch ...
[A[72C [34;01m[ [32;01mok[34;01m ][0m
 [32m*[0m Applying bsd-sockets-test-2.3.6.patch ...
[A[72C [34;01m[ [32;01mok[34;01m ][0m
 [32m*[0m Applying sb-posix-test-2.5.0.patch ...
[A[72C [34;01m[ [32;01mok[34;01m ][0m
 [32m*[0m Applying etags-2.1.0.patch ...
[A[72C [34;01m[ [32;01mok[34;01m ][0m
 [32m*[0m Applying build-id-2.4.3.patch ...
[A[72C [34;01m[ [32;01mok[34;01m ][0m
 [32m*[0m Applying verbose-build-2.0.3.patch ...
patching file make.sh
Hunk #2 succeeded at 81 with fuzz 2 (offset 5 lines).
[A[72C [34;01m[ [32;01mok[34;01m ][0m
/usr/bin/sed: can't read contrib/vanilla-module.mk: No such file or directory
>>> Source prepared.
>>> Configuring source in /var/tmp/portage/dev-lisp/sbcl-2.6.7/work/sbcl-2.6.7 ...
(lambda (list)
  (flet ((enable  (x) (pushnew x list))
         (disable (x) (setf list (remove x list))))
(enable :sb-ldb)
(disable :sb-test)
(enable :sb-unicode)
(enable :sb-core-compression)
(disable :sb-xref-for-internals)
    )
  list)
>>> Source configured.
>>> Compiling source in /var/tmp/portage/dev-lisp/sbcl-2.6.7/work/sbcl-2.6.7 ...
+ set -e
+ print_help=no
+ '[' linux-gnu = cygwin -o linux-gnu = msys ']'
+ SBCL_PREFIX=/usr
+ SBCL_XC_HOST='sbcl --no-userinit --no-sysinit'
+ WITH_FEATURES=
+ WITHOUT_FEATURES=
+ FANCY_FEATURES=':sb-core-compression :sb-xref-for-internals :sb-after-xc-core'
+ CONTRIBS=
++ cd contrib
++ echo Makefile README STANDARDS asdf asdf-module.mk code-extras.lisp compiler-extras.lisp lldb_bt.py make-contrib.lisp sb-aclrepl sb-bsd-sockets sb-capstone sb-cltl2 sb-concurrency sb-cover sb-executable sb-gmp sb-grovel sb-introspect sb-manual sb-md5 sb-mpfr sb-perf sb-posix sb-queue sb-rotate-byte sb-rt sb-simd sb-simple-streams sb-sprof stale-symbols.lisp
+ for dir in `cd contrib ; echo *`
+ '[' -d contrib/Makefile -a -f contrib/Makefile/Makefile ']'
+ for dir in `cd contrib ; echo *`
+ '[' -d contrib/README -a -f contrib/README/Makefile ']'
+ for dir in `cd contrib ; echo *`
+ '[' -d contrib/STANDARDS -a -f contrib/STANDARDS/Makefile ']'
+ for dir in `cd contrib ; echo *`
+ '[' -d contrib/asdf -a -f contrib/asdf/Makefile ']'
+ CONTRIBS=' asdf'
+ for dir in `cd contrib ; echo *`
+ '[' -d contrib/asdf-module.mk -a -f contrib/asdf-module.mk/Makefile ']'
+ for dir in `cd contrib ; echo *`
+ '[' -d contrib/code-extras.lisp -a -f contrib/code-extras.lisp/Makefile ']'
+ for dir in `cd contrib ; echo *`
+ '[' -d contrib/compiler-extras.lisp -a -f contrib/compiler-extras.lisp/Makefile ']'
+ for dir in `cd contrib ; echo *`
+ '[' -d contrib/lldb_bt.py -a -f contrib/lldb_bt.py/Makefile ']'
+ for dir in `cd contrib ; echo *`
+ '[' -d contrib/make-contrib.lisp -a -f contrib/make-contrib.lisp/Makefile ']'
+ for dir in `cd contrib ; echo *`
+ '[' -d contrib/sb-aclrepl -a -f contrib/sb-aclrepl/Makefile ']'
+ CONTRIBS=' asdf sb-aclrepl'
+ for dir in `cd contrib ; echo *`
+ '[' -d contrib/sb-bsd-sockets -a -f contrib/sb-bsd-sockets/Makefile ']'
+ CONTRIBS=' asdf sb-aclrepl sb-bsd-sockets'
+ for dir in `cd contrib ; echo *`
+ '[' -d contrib/sb-capstone -a -f contrib/sb-capstone/Makefile ']'
+ CONTRIBS=' asdf sb-aclrepl sb-bsd-sockets sb-capstone'
+ for dir in `cd contrib ; echo *`
+ '[' -d contrib/sb-cltl2 -a -f contrib/sb-cltl2/Makefile ']'
+ CONTRIBS=' asdf sb-aclrepl sb-bsd-sockets sb-capstone sb-cltl2'
+ for dir in `cd contrib ; echo *`
+ '[' -d contrib/sb-concurrency -a -f contrib/sb-concurrency/Makefile ']'
+ CONTRIBS=' asdf sb-aclrepl sb-bsd-sockets sb-capstone sb-cltl2 sb-concurrency'
+ for dir in `cd contrib ; echo *`
+ '[' -d contrib/sb-cover -a -f contrib/sb-cover/Makefile ']'
+ CONTRIBS=' asdf sb-aclrepl sb-bsd-sockets sb-capstone sb-cltl2 sb-concurrency sb-cover'
+ for dir in `cd contrib ; echo *`
+ '[' -d contrib/sb-executable -a -f contrib/sb-executable/Makefile ']'
+ CONTRIBS=' asdf sb-aclrepl sb-bsd-sockets sb-capstone sb-cltl2 sb-concurrency sb-cover sb-executable'
+ for dir in `cd contrib ; echo *`
+ '[' -d contrib/sb-gmp -a -f contrib/sb-gmp/Makefile ']'
+ CONTRIBS=' asdf sb-aclrepl sb-bsd-sockets sb-capstone sb-cltl2 sb-concurrency sb-cover sb-executable sb-gmp'
+ for dir in `cd contrib ; echo *`
+ '[' -d contrib/sb-grovel -a -f contrib/sb-grovel/Makefile ']'
+ CONTRIBS=' asdf sb-aclrepl sb-bsd-sockets sb-capstone sb-cltl2 sb-concurrency sb-cover sb-executable sb-gmp sb-grovel'
+ for dir in `cd contrib ; echo *`
+ '[' -d contrib/sb-introspect -a -f contrib/sb-introspect/Makefile ']'
+ CONTRIBS=' asdf sb-aclrepl sb-bsd-sockets sb-capstone sb-cltl2 sb-concurrency sb-cover sb-executable sb-gmp sb-grovel sb-introspect'
+ for dir in `cd contrib ; echo *`
+ '[' -d contrib/sb-manual -a -f contrib/sb-manual/Makefile ']'
+ CONTRIBS=' asdf sb-aclrepl sb-bsd-sockets sb-capstone sb-cltl2 sb-concurrency sb-cover sb-executable sb-gmp sb-grovel sb-introspect sb-manual'
+ for dir in `cd contrib ; echo *`
+ '[' -d contrib/sb-md5 -a -f contrib/sb-md5/Makefile ']'
+ CONTRIBS=' asdf sb-aclrepl sb-bsd-sockets sb-capstone sb-cltl2 sb-concurrency sb-cover sb-executable sb-gmp sb-grovel sb-introspect sb-manual sb-md5'
+ for dir in `cd contrib ; echo *`
+ '[' -d contrib/sb-mpfr -a -f contrib/sb-mpfr/Makefile ']'
+ CONTRIBS=' asdf sb-aclrepl sb-bsd-sockets sb-capstone sb-cltl2 sb-concurrency sb-cover sb-executable sb-gmp sb-grovel sb-introspect sb-manual sb-md5 sb-mpfr'
+ for dir in `cd contrib ; echo *`
+ '[' -d contrib/sb-perf -a -f contrib/sb-perf/Makefile ']'
+ CONTRIBS=' asdf sb-aclrepl sb-bsd-sockets sb-capstone sb-cltl2 sb-concurrency sb-cover sb-executable sb-gmp sb-grovel sb-introspect sb-manual sb-md5 sb-mpfr sb-perf'
+ for dir in `cd contrib ; echo *`
+ '[' -d contrib/sb-posix -a -f contrib/sb-posix/Makefile ']'
+ CONTRIBS=' asdf sb-aclrepl sb-bsd-sockets sb-capstone sb-cltl2 sb-concurrency sb-cover sb-executable sb-gmp sb-grovel sb-introspect sb-manual sb-md5 sb-mpfr sb-perf sb-posix'
+ for dir in `cd contrib ; echo *`
+ '[' -d contrib/sb-queue -a -f contrib/sb-queue/Makefile ']'
+ CONTRIBS=' asdf sb-aclrepl sb-bsd-sockets sb-capstone sb-cltl2 sb-concurrency sb-cover sb-executable sb-gmp sb-grovel sb-introspect sb-manual sb-md5 sb-mpfr sb-perf sb-posix sb-queue'
+ for dir in `cd contrib ; echo *`
+ '[' -d contrib/sb-rotate-byte -a -f contrib/sb-rotate-byte/Makefile ']'
+ CONTRIBS=' asdf sb-aclrepl sb-bsd-sockets sb-capstone sb-cltl2 sb-concurrency sb-cover sb-executable sb-gmp sb-grovel sb-introspect sb-manual sb-md5 sb-mpfr sb-perf sb-posix sb-queue sb-rotate-byte'
+ for dir in `cd contrib ; echo *`
+ '[' -d contrib/sb-rt -a -f contrib/sb-rt/Makefile ']'
+ CONTRIBS=' asdf sb-aclrepl sb-bsd-sockets sb-capstone sb-cltl2 sb-concurrency sb-cover sb-executable sb-gmp sb-grovel sb-introspect sb-manual sb-md5 sb-mpfr sb-perf sb-posix sb-queue sb-rotate-byte sb-rt'
+ for dir in `cd contrib ; echo *`
+ '[' -d contrib/sb-simd -a -f contrib/sb-simd/Makefile ']'
+ CONTRIBS=' asdf sb-aclrepl sb-bsd-sockets sb-capstone sb-cltl2 sb-concurrency sb-cover sb-executable sb-gmp sb-grovel sb-introspect sb-manual sb-md5 sb-mpfr sb-perf sb-posix sb-queue sb-rotate-byte sb-rt sb-simd'
+ for dir in `cd contrib ; echo *`
+ '[' -d contrib/sb-simple-streams -a -f contrib/sb-simple-streams/Makefile ']'
+ CONTRIBS=' asdf sb-aclrepl sb-bsd-sockets sb-capstone sb-cltl2 sb-concurrency sb-cover sb-executable sb-gmp sb-grovel sb-introspect sb-manual sb-md5 sb-mpfr sb-perf sb-posix sb-queue sb-rotate-byte sb-rt sb-simd sb-simple-streams'
+ for dir in `cd contrib ; echo *`
+ '[' -d contrib/sb-sprof -a -f contrib/sb-sprof/Makefile ']'
+ CONTRIBS=' asdf sb-aclrepl sb-bsd-sockets sb-capstone sb-cltl2 sb-concurrency sb-cover sb-executable sb-gmp sb-grovel sb-introspect sb-manual sb-md5 sb-mpfr sb-perf sb-posix sb-queue sb-rotate-byte sb-rt sb-simd sb-simple-streams sb-sprof'
+ for dir in `cd contrib ; echo *`
+ '[' -d contrib/stale-symbols.lisp -a -f contrib/stale-symbols.lisp/Makefile ']'
+ SBCL_CONTRIB_BLOCKLIST=
+ perform_host_lisp_check=no
+ fancy=false
+ some_options=false
+ android=false
+ '[' -z '' ']'
+ ANDROID_API=21
+ for option in "$@"
+ optarg_ok=true
+ case $option in
+ optarg=
+ case $option in
+ false
+ SBCL_XC_HOST='sh /var/tmp/portage/dev-lisp/sbcl-2.6.7/work/sbcl-binary/run-sbcl.sh --no-sysinit --no-userinit --disable-debugger'
+ some_options=true
+ for option in "$@"
+ optarg_ok=true
+ case $option in
+ optarg=
+ case $option in
+ perform_host_lisp_check=yes
+ some_options=true
+ test -f customize-target-features.lisp
+ test -n ''
+ test -n ''
+ test no = yes
+ mkdir -p output
+ echo 'SBCL_TEST_HOST="sh /var/tmp/portage/dev-lisp/sbcl-2.6.7/work/sbcl-binary/run-sbcl.sh --no-sysinit --no-userinit --disable-debugger"'
+ . output/build-config
++ SBCL_TEST_HOST='sh /var/tmp/portage/dev-lisp/sbcl-2.6.7/work/sbcl-binary/run-sbcl.sh --no-sysinit --no-userinit --disable-debugger'
+ '[' yes = yes ']'
+ echo '(lisp-implementation-type)'
+ sh /var/tmp/portage/dev-lisp/sbcl-2.6.7/work/sbcl-binary/run-sbcl.sh --no-sysinit --no-userinit --disable-debugger
This is SBCL 1.5.8, an implementation of ANSI Common Lisp.
More information about SBCL is available at <http://www.sbcl.org/>.

SBCL is free software, provided as is, with absolutely no warranty.
It is mostly in the public domain; some portions are provided under
BSD-style licenses.  See the CREDITS and COPYING files in the
distribution for more information.
CORRUPTION WARNING in SBCL pid 37046:
Memory fault at 0xffe000000000 (pc=0x1000078f20)
The integrity of this image is possibly compromised.
Continuing with fingers crossed.
CORRUPTION WARNING in SBCL pid 37046:
Memory fault at 0x1000000000000 (pc=0x100018530c)
The integrity of this image is possibly compromised.
Continuing with fingers crossed.
CORRUPTION WARNING in SBCL pid 37046:
Memory fault at 0x7f4654e17dd0 (pc=0x100018530c)
The integrity of this image is possibly compromised.
Continuing with fingers crossed.
CORRUPTION WARNING in SBCL pid 37046:
Memory fault at (nil) (pc=0x100018530c)
The integrity of this image is possibly compromised.
Continuing with fingers crossed.
CORRUPTION WARNING in SBCL pid 37046:
Memory fault at (nil) (pc=0x100018530c)
The integrity of this image is possibly compromised.
Continuing with fingers crossed.
CORRUPTION WARNING in SBCL pid 37046:
Memory fault at (nil) (pc=0x100018530c)
The integrity of this image is possibly compromised.
Continuing with fingers crossed.
CORRUPTION WARNING in SBCL pid 37046:
Memory fault at (nil) (pc=0x100018530c)
The integrity of this image is possibly compromised.
Continuing with fingers crossed.
CORRUPTION WARNING in SBCL pid 37046:
Memory fault at (nil) (pc=0x100018530c)
The integrity of this image is possibly compromised.
Continuing with fingers crossed.
CORRUPTION WARNING in SBCL pid 37046:
Memory fault at (nil) (pc=0x100018530c)
The integrity of this image is possibly compromised.
Continuing with fingers crossed.
CORRUPTION WARNING in SBCL pid 37046:
Memory fault at (nil) (pc=0x100018530c)
The integrity of this image is possibly compromised.
Continuing with fingers crossed.
CORRUPTION WARNING in SBCL pid 37046:
Memory fault at (nil) (pc=0x100018530c)
The integrity of this image is possibly compromised.
Continuing with fingers crossed.
CORRUPTION WARNING in SBCL pid 37046:
Memory fault at (nil) (pc=0x100018530c)
The integrity of this image is possibly compromised.
Continuing with fingers crossed.
CORRUPTION WARNING in SBCL pid 37046:
Memory fault at (nil) (pc=0x100018530c)
The integrity of this image is possibly compromised.
Continuing with fingers crossed.
CORRUPTION WARNING in SBCL pid 37046:
Memory fault at (nil) (pc=0x100018530c)
The integrity of this image is possibly compromised.
Continuing with fingers crossed.
CORRUPTION WARNING in SBCL pid 37046:
Memory fault at (nil) (pc=0x100018530c)
The integrity of this image is possibly compromised.
Continuing with fingers crossed.
CORRUPTION WARNING in SBCL pid 37046:
Memory fault at (nil) (pc=0x100018530c)
The integrity of this image is possibly compromised.
Continuing with fingers crossed.
CORRUPTION WARNING in SBCL pid 37046:
Memory fault at (nil) (pc=0x100018530c)
The integrity of this image is possibly compromised.
Continuing with fingers crossed.
CORRUPTION WARNING in SBCL pid 37046:
Memory fault at (nil) (pc=0x100018530c)
The integrity of this image is possibly compromised.
Continuing with fingers crossed.
CORRUPTION WARNING in SBCL pid 37046:
Memory fault at (nil) (pc=0x100018530c)
The integrity of this image is possibly compromised.
Continuing with fingers crossed.
CORRUPTION WARNING in SBCL pid 37046:
Memory fault at (nil) (pc=0x100018530c)
The integrity of this image is possibly compromised.
Continuing with fingers crossed.
CORRUPTION WARNING in SBCL pid 37046:
Memory fault at (nil) (pc=0x100018530c)
The integrity of this image is possibly compromised.
Continuing with fingers crossed.
CORRUPTION WARNING in SBCL pid 37046:
Memory fault at (nil) (pc=0x100018530c)
The integrity of this image is possibly compromised.
Continuing with fingers crossed.
CORRUPTION WARNING in SBCL pid 37046:
Memory fault at (nil) (pc=0x100018530c)
The integrity of this image is possibly compromised.
Continuing with fingers crossed.
CORRUPTION WARNING in SBCL pid 37046:
Memory fault at (nil) (pc=0x100018530c)
The integrity of this image is possibly compromised.
Continuing with fingers crossed.
CORRUPTION WARNING in SBCL pid 37046:
Memory fault at (nil) (pc=0x100018530c)
The integrity of this image is possibly compromised.
Continuing with fingers crossed.
CORRUPTION WARNING in SBCL pid 37046:
Memory fault at (nil) (pc=0x100018530c)
The integrity of this image is possibly compromised.
Continuing with fingers crossed.
CORRUPTION WARNING in SBCL pid 37046:
Memory fault at (nil) (pc=0x100018530c)
The integrity of this image is possibly compromised.
Continuing with fingers crossed.
CORRUPTION WARNING in SBCL pid 37046:
Memory fault at (nil) (pc=0x100018530c)
The integrity of this image is possibly compromised.
Continuing with fingers crossed.
CORRUPTION WARNING in SBCL pid 37046:
Memory fault at (nil) (pc=0x100018530c)
The integrity of this image is possibly compromised.
Continuing with fingers crossed.
CORRUPTION WARNING in SBCL pid 37046:
Memory fault at (nil) (pc=0x100018530c)
The integrity of this image is possibly compromised.
Continuing with fingers crossed.
CORRUPTION WARNING in SBCL pid 37046:
Memory fault at (nil) (pc=0x100018530c)
The integrity of this image is possibly compromised.
Continuing with fingers crossed.
CORRUPTION WARNING in SBCL pid 37046:
Memory fault at (nil) (pc=0x100018530c)
The integrity of this image is possibly compromised.
Continuing with fingers crossed.
CORRUPTION WARNING in SBCL pid 37046:
Memory fault at (nil) (pc=0x100018530c)
The integrity of this image is possibly compromised.
Continuing with fingers crossed.
CORRUPTION WARNING in SBCL pid 37046:
Memory fault at (nil) (pc=0x100018530c)
The integrity of this image is possibly compromised.
Continuing with fingers crossed.
CORRUPTION WARNING in SBCL pid 37046:
Memory fault at (nil) (pc=0x100018530c)
The integrity of this image is possibly compromised.
Continuing with fingers crossed.
CORRUPTION WARNING in SBCL pid 37046:
Memory fault at (nil) (pc=0x100018530c)
The integrity of this image is possibly compromised.
Continuing with fingers crossed.
CORRUPTION WARNING in SBCL pid 37046:
Memory fault at (nil) (pc=0x100018530c)
The integrity of this image is possibly compromised.
Continuing with fingers crossed.
CORRUPTION WARNING in SBCL pid 37046:
Memory fault at (nil) (pc=0x100018530c)
The integrity of this image is possibly compromised.
Continuing with fingers crossed.
CORRUPTION WARNING in SBCL pid 37046:
Memory fault at (nil) (pc=0x100018530c)
The integrity of this image is possibly compromised.
Continuing with fingers crossed.
CORRUPTION WARNING in SBCL pid 37046:
Memory fault at (nil) (pc=0x100018530c)
The integrity of this image is possibly compromised.
Continuing with fingers crossed.
CORRUPTION WARNING in SBCL pid 37046:
Memory fault at (nil) (pc=0x100018530c)
The integrity of this image is possibly compromised.
Continuing with fingers crossed.
CORRUPTION WARNING in SBCL pid 37046:
Memory fault at (nil) (pc=0x100018530c)
The integrity of this image is possibly compromised.
Continuing with fingers crossed.
CORRUPTION WARNING in SBCL pid 37046:
Memory fault at (nil) (pc=0x100018530c)
The integrity of this image is possibly compromised.
Continuing with fingers crossed.
CORRUPTION WARNING in SBCL pid 37046:
Memory fault at (nil) (pc=0x100018530c)
The integrity of this image is possibly compromised.
Continuing with fingers crossed.
CORRUPTION WARNING in SBCL pid 37046:
Memory fault at (nil) (pc=0x100018530c)
The integrity of this image is possibly compromised.
Continuing with fingers crossed.
CORRUPTION WARNING in SBCL pid 37046:
Memory fault at (nil) (pc=0x100018530c)
The integrity of this image is possibly compromised.
Continuing with fingers crossed.
CORRUPTION WARNING in SBCL pid 37046:
Memory fault at (nil) (pc=0x100018530c)
The integrity of this image is possibly compromised.
Continuing with fingers crossed.
CORRUPTION WARNING in SBCL pid 37046:
Memory fault at (nil) (pc=0x100018530c)
The integrity of this image is possibly compromised.
Continuing with fingers crossed.
CORRUPTION WARNING in SBCL pid 37046:
Memory fault at (nil) (pc=0x100018530c)
The integrity of this image is possibly compromised.
Continuing with fingers crossed.
CORRUPTION WARNING in SBCL pid 37046:
Memory fault at (nil) (pc=0x100018530c)
The integrity of this image is possibly compromised.
Continuing with fingers crossed.
CORRUPTION WARNING in SBCL pid 37046:
Memory fault at (nil) (pc=0x100018530c)
The integrity of this image is possibly compromised.
Continuing with fingers crossed.
CORRUPTION WARNING in SBCL pid 37046:
Memory fault at (nil) (pc=0x100018530c)
The integrity of this image is possibly compromised.
Continuing with fingers crossed.
CORRUPTION WARNING in SBCL pid 37046:
Memory fault at (nil) (pc=0x100018530c)
The integrity of this image is possibly compromised.
Continuing with fingers crossed.
CORRUPTION WARNING in SBCL pid 37046:
Memory fault at (nil) (pc=0x100018530c)
The integrity of this image is possibly compromised.
Continuing with fingers crossed.
CORRUPTION WARNING in SBCL pid 37046:
Memory fault at (nil) (pc=0x100018530c)
The integrity of this image is possibly compromised.
Continuing with fingers crossed.
CORRUPTION WARNING in SBCL pid 37046:
Memory fault at (nil) (pc=0x100018530c)
The integrity of this image is possibly compromised.
Continuing with fingers crossed.
CORRUPTION WARNING in SBCL pid 37046:
Memory fault at (nil) (pc=0x100018530c)
The integrity of this image is possibly compromised.
Continuing with fingers crossed.
CORRUPTION WARNING in SBCL pid 37046:
Memory fault at (nil) (pc=0x100018530c)
The integrity of this image is possibly compromised.
Continuing with fingers crossed.
CORRUPTION WARNING in SBCL pid 37046:
Memory fault at (nil) (pc=0x100018530c)
The integrity of this image is possibly compromised.
Continuing with fingers crossed.
CORRUPTION WARNING in SBCL pid 37046:
Memory fault at (nil) (pc=0x100018530c)
The integrity of this image is possibly compromised.
Continuing with fingers crossed.
CORRUPTION WARNING in SBCL pid 37046:
Memory fault at (nil) (pc=0x100018530c)
The integrity of this image is possibly compromised.
Continuing with fingers crossed.
CORRUPTION WARNING in SBCL pid 37046:
Memory fault at (nil) (pc=0x100018530c)
The integrity of this image is possibly compromised.
Continuing with fingers crossed.
CORRUPTION WARNING in SBCL pid 37046:
Memory fault at (nil) (pc=0x100018530c)
The integrity of this image is possibly compromised.
Continuing with fingers crossed.
CORRUPTION WARNING in SBCL pid 37046:
Memory fault at (nil) (pc=0x100018530c)
The integrity of this image is possibly compromised.
Continuing with fingers crossed.
CORRUPTION WARNING in SBCL pid 37046:
Memory fault at (nil) (pc=0x100018530c)
The integrity of this image is possibly compromised.
Continuing with fingers crossed.
CORRUPTION WARNING in SBCL pid 37046:
Memory fault at (nil) (pc=0x100018530c)
The integrity of this image is possibly compromised.
Continuing with fingers crossed.
CORRUPTION WARNING in SBCL pid 37046:
Memory fault at (nil) (pc=0x100018530c)
The integrity of this image is possibly compromised.
Continuing with fingers crossed.
CORRUPTION WARNING in SBCL pid 37046:
Memory fault at (nil) (pc=0x100018530c)
The integrity of this image is possibly compromised.
Continuing with fingers crossed.
CORRUPTION WARNING in SBCL pid 37046:
Memory fault at (nil) (pc=0x100018530c)
The integrity of this image is possibly compromised.
Continuing with fingers crossed.
CORRUPTION WARNING in SBCL pid 37046:
Memory fault at (nil) (pc=0x100018530c)
The integrity of this image is possibly compromised.
Continuing with fingers crossed.
CORRUPTION WARNING in SBCL pid 37046:
Memory fault at (nil) (pc=0x100018530c)
The integrity of this image is possibly compromised.
Continuing with fingers crossed.
CORRUPTION WARNING in SBCL pid 37046:
Memory fault at (nil) (pc=0x100018530c)
The integrity of this image is possibly compromised.
Continuing with fingers crossed.
CORRUPTION WARNING in SBCL pid 37046:
Memory fault at (nil) (pc=0x100018530c)
The integrity of this image is possibly compromised.
Continuing with fingers crossed.
CORRUPTION WARNING in SBCL pid 37046:
Memory fault at (nil) (pc=0x100018530c)
The integrity of this image is possibly compromised.
Continuing with fingers crossed.
CORRUPTION WARNING in SBCL pid 37046:
Memory fault at (nil) (pc=0x100018530c)
The integrity of this image is possibly compromised.
Continuing with fingers crossed.
CORRUPTION WARNING in SBCL pid 37046:
Memory fault at (nil) (pc=0x100018530c)
The integrity of this image is possibly compromised.
Continuing with fingers crossed.
CORRUPTION WARNING in SBCL pid 37046:
Memory fault at (nil) (pc=0x100018530c)
The integrity of this image is possibly compromised.
Continuing with fingers crossed.
CORRUPTION WARNING in SBCL pid 37046:
Memory fault at (nil) (pc=0x100018530c)
The integrity of this image is possibly compromised.
Continuing with fingers crossed.
CORRUPTION WARNING in SBCL pid 37046:
Memory fault at (nil) (pc=0x100018530c)
The integrity of this image is possibly compromised.
Continuing with fingers crossed.
CORRUPTION WARNING in SBCL pid 37046:
Memory fault at (nil) (pc=0x100018530c)
The integrity of this image is possibly compromised.
Continuing with fingers crossed.
CORRUPTION WARNING in SBCL pid 37046:
Memory fault at (nil) (pc=0x100018530c)
The integrity of this image is possibly compromised.
Continuing with fingers crossed.
CORRUPTION WARNING in SBCL pid 37046:
Memory fault at (nil) (pc=0x100018530c)
The integrity of this image is possibly compromised.
Continuing with fingers crossed.
CORRUPTION WARNING in SBCL pid 37046:
Memory fault at (nil) (pc=0x100018530c)
The integrity of this image is possibly compromised.
Continuing with fingers crossed.
CORRUPTION WARNING in SBCL pid 37046:
Memory fault at (nil) (pc=0x100018530c)
The integrity of this image is possibly compromised.
Continuing with fingers crossed.
CORRUPTION WARNING in SBCL pid 37046:
Memory fault at (nil) (pc=0x100018530c)
The integrity of this image is possibly compromised.
Continuing with fingers crossed.
CORRUPTION WARNING in SBCL pid 37046:
Memory fault at (nil) (pc=0x100018530c)
The integrity of this image is possibly compromised.
Continuing with fingers crossed.
CORRUPTION WARNING in SBCL pid 37046:
Memory fault at (nil) (pc=0x100018530c)
The integrity of this image is possibly compromised.
Continuing with fingers crossed.
CORRUPTION WARNING in SBCL pid 37046:
Memory fault at (nil) (pc=0x100018530c)
The integrity of this image is possibly compromised.
Continuing with fingers crossed.
CORRUPTION WARNING in SBCL pid 37046:
Memory fault at (nil) (pc=0x100018530c)
The integrity of this image is possibly compromised.
Continuing with fingers crossed.
CORRUPTION WARNING in SBCL pid 37046:
Memory fault at (nil) (pc=0x100018530c)
The integrity of this image is possibly compromised.
Continuing with fingers crossed.
CORRUPTION WARNING in SBCL pid 37046:
Memory fault at (nil) (pc=0x100018530c)
The integrity of this image is possibly compromised.
Continuing with fingers crossed.
CORRUPTION WARNING in SBCL pid 37046:
Memory fault at (nil) (pc=0x100018530c)
The integrity of this image is possibly compromised.
Continuing with fingers crossed.
CORRUPTION WARNING in SBCL pid 37046:
Memory fault at (nil) (pc=0x100018530c)
The integrity of this image is possibly compromised.
Continuing with fingers crossed.
CORRUPTION WARNING in SBCL pid 37046:
Memory fault at (nil) (pc=0x100018530c)
The integrity of this image is possibly compromised.
Continuing with fingers crossed.
CORRUPTION WARNING in SBCL pid 37046:
Memory fault at (nil) (pc=0x100018530c)
The integrity of this image is possibly compromised.
Continuing with fingers crossed.
CORRUPTION WARNING in SBCL pid 37046:
Memory fault at (nil) (pc=0x100018530c)
The integrity of this image is possibly compromised.
Continuing with fingers crossed.
CORRUPTION WARNING in SBCL pid 37046:
Memory fault at (nil) (pc=0x100018530c)
The integrity of this image is possibly compromised.
Continuing with fingers crossed.
CORRUPTION WARNING in SBCL pid 37046:
Memory fault at (nil) (pc=0x100018530c)
The integrity of this image is possibly compromised.
Continuing with fingers crossed.
CORRUPTION WARNING in SBCL pid 37046:
Memory fault at (nil) (pc=0x100018530c)
The integrity of this image is possibly compromised.
Continuing with fingers crossed.
CORRUPTION WARNING in SBCL pid 37046:
Memory fault at (nil) (pc=0x100018530c)
The integrity of this image is possibly compromised.
Continuing with fingers crossed.
CORRUPTION WARNING in SBCL pid 37046:
Memory fault at (nil) (pc=0x100018530c)
The integrity of this image is possibly compromised.
Continuing with fingers crossed.
CORRUPTION WARNING in SBCL pid 37046:
Memory fault at (nil) (pc=0x100018530c)
The integrity of this image is possibly compromised.
Continuing with fingers crossed.
CORRUPTION WARNING in SBCL pid 37046:
Memory fault at (nil) (pc=0x100018530c)
The integrity of this image is possibly compromised.
Continuing with fingers crossed.
CORRUPTION WARNING in SBCL pid 37046:
Memory fault at (nil) (pc=0x100018530c)
The integrity of this image is possibly compromised.
Continuing with fingers crossed.
CORRUPTION WARNING in SBCL pid 37046:
Memory fault at (nil) (pc=0x100018530c)
The integrity of this image is possibly compromised.
Continuing with fingers crossed.
CORRUPTION WARNING in SBCL pid 37046:
Memory fault at (nil) (pc=0x100018530c)
The integrity of this image is possibly compromised.
Continuing with fingers crossed.
CORRUPTION WARNING in SBCL pid 37046:
Memory fault at (nil) (pc=0x100018530c)
The integrity of this image is possibly compromised.
Continuing with fingers crossed.
CORRUPTION WARNING in SBCL pid 37046:
Memory fault at (nil) (pc=0x100018530c)
The integrity of this image is possibly compromised.
Continuing with fingers crossed.
CORRUPTION WARNING in SBCL pid 37046:
Memory fault at (nil) (pc=0x100018530c)
The integrity of this image is possibly compromised.
Continuing with fingers crossed.
CORRUPTION WARNING in SBCL pid 37046:
Memory fault at (nil) (pc=0x100018530c)
The integrity of this image is possibly compromised.
Continuing with fingers crossed.
CORRUPTION WARNING in SBCL pid 37046:
Memory fault at (nil) (pc=0x100018530c)
The integrity of this image is possibly compromised.
Continuing with fingers crossed.
CORRUPTION WARNING in SBCL pid 37046:
Memory fault at (nil) (pc=0x100018530c)
The integrity of this image is possibly compromised.
Continuing with fingers crossed.
CORRUPTION WARNING in SBCL pid 37046:
Memory fault at (nil) (pc=0x100018530c)
The integrity of this image is possibly compromised.
Continuing with fingers crossed.
CORRUPTION WARNING in SBCL pid 37046:
Memory fault at (nil) (pc=0x100018530c)
The integrity of this image is possibly compromised.
Continuing with fingers crossed.
CORRUPTION WARNING in SBCL pid 37046:
Memory fault at (nil) (pc=0x100018530c)
The integrity of this image is possibly compromised.
Continuing with fingers crossed.
CORRUPTION WARNING in SBCL pid 37046:
Memory fault at (nil) (pc=0x100018530c)
The integrity of this image is possibly compromised.
Continuing with fingers crossed.
CORRUPTION WARNING in SBCL pid 37046:
Memory fault at (nil) (pc=0x100018530c)
The integrity of this image is possibly compromised.
Continuing with fingers crossed.
CORRUPTION WARNING in SBCL pid 37046:
Memory fault at (nil) (pc=0x100018530c)
The integrity of this image is possibly compromised.
Continuing with fingers crossed.
CORRUPTION WARNING in SBCL pid 37046:
Memory fault at (nil) (pc=0x100018530c)
The integrity of this image is possibly compromised.
Continuing with fingers crossed.
CORRUPTION WARNING in SBCL pid 37046:
Memory fault at (nil) (pc=0x100018530c)
The integrity of this image is possibly compromised.
Continuing with fingers crossed.
CORRUPTION WARNING in SBCL pid 37046:
Memory fault at (nil) (pc=0x100018530c)
The integrity of this image is possibly compromised.
Continuing with fingers crossed.
CORRUPTION WARNING in SBCL pid 37046:
Memory fault at (nil) (pc=0x100018530c)
The integrity of this image is possibly compromised.
Continuing with fingers crossed.
CORRUPTION WARNING in SBCL pid 37046:
Memory fault at (nil) (pc=0x100018530c)
The integrity of this image is possibly compromised.
Continuing with fingers crossed.
CORRUPTION WARNING in SBCL pid 37046:
Memory fault at (nil) (pc=0x100018530c)
The integrity of this image is possibly compromised.
Continuing with fingers crossed.
CORRUPTION WARNING in SBCL pid 37046:
Memory fault at (nil) (pc=0x100018530c)
The integrity of this image is possibly compromised.
Continuing with fingers crossed.
CORRUPTION WARNING in SBCL pid 37046:
Memory fault at (nil) (pc=0x100018530c)
The integrity of this image is possibly compromised.
Continuing with fingers crossed.
CORRUPTION WARNING in SBCL pid 37046:
Memory fault at (nil) (pc=0x100018530c)
The integrity of this image is possibly compromised.
Continuing with fingers crossed.
CORRUPTION WARNING in SBCL pid 37046:
Memory fault at (nil) (pc=0x100018530c)
The integrity of this image is possibly compromised.
Continuing with fingers crossed.
CORRUPTION WARNING in SBCL pid 37046:
Memory fault at (nil) (pc=0x100018530c)
The integrity of this image is possibly compromised.
Continuing with fingers crossed.
CORRUPTION WARNING in SBCL pid 37046:
Memory fault at (nil) (pc=0x100018530c)
The integrity of this image is possibly compromised.
Continuing with fingers crossed.
CORRUPTION WARNING in SBCL pid 37046:
Memory fault at (nil) (pc=0x100018530c)
The integrity of this image is possibly compromised.
Continuing with fingers crossed.
CORRUPTION WARNING in SBCL pid 37046:
Memory fault at (nil) (pc=0x100018530c)
The integrity of this image is possibly compromised.
Continuing with fingers crossed.
CORRUPTION WARNING in SBCL pid 37046:
Memory fault at (nil) (pc=0x100018530c)
The integrity of this image is possibly compromised.
Continuing with fingers crossed.
CORRUPTION WARNING in SBCL pid 37046:
Memory fault at (nil) (pc=0x100018530c)
The integrity of this image is possibly compromised.
Continuing with fingers crossed.
CORRUPTION WARNING in SBCL pid 37046:
Memory fault at (nil) (pc=0x100018530c)
The integrity of this image is possibly compromised.
Continuing with fingers crossed.
CORRUPTION WARNING in SBCL pid 37046:
Memory fault at (nil) (pc=0x100018530c)
The integrity of this image is possibly compromised.
Continuing with fingers crossed.
CORRUPTION WARNING in SBCL pid 37046:
Memory fault at (nil) (pc=0x100018530c)
The integrity of this image is possibly compromised.
Continuing with fingers crossed.
CORRUPTION WARNING in SBCL pid 37046:
Memory fault at (nil) (pc=0x100018530c)
The integrity of this image is possibly compromised.
Continuing with fingers crossed.
CORRUPTION WARNING in SBCL pid 37046:
Memory fault at (nil) (pc=0x100018530c)
The integrity of this image is possibly compromised.
Continuing with fingers crossed.
CORRUPTION WARNING in SBCL pid 37046:
Memory fault at (nil) (pc=0x100018530c)
The integrity of this image is possibly compromised.
Continuing with fingers crossed.
CORRUPTION WARNING in SBCL pid 37046:
Memory fault at (nil) (pc=0x100018530c)
The integrity of this image is possibly compromised.
Continuing with fingers crossed.
CORRUPTION WARNING in SBCL pid 37046:
Memory fault at (nil) (pc=0x100018530c)
The integrity of this image is possibly compromised.
Continuing with fingers crossed.
CORRUPTION WARNING in SBCL pid 37046:
Memory fault at (nil) (pc=0x100018530c)
The integrity of this image is possibly compromised.
Continuing with fingers crossed.
CORRUPTION WARNING in SBCL pid 37046:
Memory fault at (nil) (pc=0x100018530c)
The integrity of this image is possibly compromised.
Continuing with fingers crossed.
CORRUPTION WARNING in SBCL pid 37046:
Memory fault at (nil) (pc=0x100018530c)
The integrity of this image is possibly compromised.
Continuing with fingers crossed.
CORRUPTION WARNING in SBCL pid 37046:
Memory fault at (nil) (pc=0x100018530c)
The integrity of this image is possibly compromised.
Continuing with fingers crossed.
CORRUPTION WARNING in SBCL pid 37046:
Memory fault at (nil) (pc=0x100018530c)
The integrity of this image is possibly compromised.
Continuing with fingers crossed.
CORRUPTION WARNING in SBCL pid 37046:
Memory fault at (nil) (pc=0x100018530c)
The integrity of this image is possibly compromised.
Continuing with fingers crossed.
CORRUPTION WARNING in SBCL pid 37046:
Memory fault at (nil) (pc=0x100018530c)
The integrity of this image is possibly compromised.
Continuing with fingers crossed.
CORRUPTION WARNING in SBCL pid 37046:
Memory fault at (nil) (pc=0x100018530c)
The integrity of this image is possibly compromised.
Continuing with fingers crossed.
CORRUPTION WARNING in SBCL pid 37046:
Memory fault at (nil) (pc=0x100018530c)
The integrity of this image is possibly compromised.
Continuing with fingers crossed.
CORRUPTION WARNING in SBCL pid 37046:
Memory fault at (nil) (pc=0x100018530c)
The integrity of this image is possibly compromised.
Continuing with fingers crossed.
CORRUPTION WARNING in SBCL pid 37046:
Memory fault at (nil) (pc=0x100018530c)
The integrity of this image is possibly compromised.
Continuing with fingers crossed.
CORRUPTION WARNING in SBCL pid 37046:
Memory fault at (nil) (pc=0x100018530c)
The integrity of this image is possibly compromised.
Continuing with fingers crossed.
CORRUPTION WARNING in SBCL pid 37046:
Memory fault at (nil) (pc=0x100018530c)
The integrity of this image is possibly compromised.
Continuing with fingers crossed.
CORRUPTION WARNING in SBCL pid 37046:
Memory fault at (nil) (pc=0x100018530c)
The integrity of this image is possibly compromised.
Continuing with fingers crossed.
CORRUPTION WARNING in SBCL pid 37046:
Memory fault at (nil) (pc=0x100018530c)
The integrity of this image is possibly compromised.
Continuing with fingers crossed.
CORRUPTION WARNING in SBCL pid 37046:
Memory fault at (nil) (pc=0x100018530c)
The integrity of this image is possibly compromised.
Continuing with fingers crossed.
CORRUPTION WARNING in SBCL pid 37046:
Memory fault at (nil) (pc=0x100018530c)
The integrity of this image is possibly compromised.
Continuing with fingers crossed.
CORRUPTION WARNING in SBCL pid 37046:
Memory fault at (nil) (pc=0x100018530c)
The integrity of this image is possibly compromised.
Continuing with fingers crossed.
CORRUPTION WARNING in SBCL pid 37046:
Memory fault at (nil) (pc=0x100018530c)
The integrity of this image is possibly compromised.
Continuing with fingers crossed.
CORRUPTION WARNING in SBCL pid 37046:
Memory fault at (nil) (pc=0x100018530c)
The integrity of this image is possibly compromised.
Continuing with fingers crossed.
CORRUPTION WARNING in SBCL pid 37046:
Memory fault at (nil) (pc=0x100018530c)
The integrity of this image is possibly compromised.
Continuing with fingers crossed.
CORRUPTION WARNING in SBCL pid 37046:
Memory fault at (nil) (pc=0x100018530c)
The integrity of this image is possibly compromised.
Continuing with fingers crossed.
CORRUPTION WARNING in SBCL pid 37046:
Memory fault at (nil) (pc=0x100018530c)
The integrity of this image is possibly compromised.
Continuing with fingers crossed.
CORRUPTION WARNING in SBCL pid 37046:
Memory fault at (nil) (pc=0x100018530c)
The integrity of this image is possibly compromised.
Continuing with fingers crossed.
CORRUPTION WARNING in SBCL pid 37046:
Memory fault at (nil) (pc=0x100018530c)
The integrity of this image is possibly compromised.
Continuing with fingers crossed.
CORRUPTION WARNING in SBCL pid 37046:
Memory fault at (nil) (pc=0x100018530c)
The integrity of this image is possibly compromised.
Continuing with fingers crossed.
CORRUPTION WARNING in SBCL pid 37046:
Memory fault at (nil) (pc=0x100018530c)
The integrity of this image is possibly compromised.
Continuing with fingers crossed.
CORRUPTION WARNING in SBCL pid 37046:
Memory fault at (nil) (pc=0x100018530c)
The integrity of this image is possibly compromised.
Continuing with fingers crossed.
CORRUPTION WARNING in SBCL pid 37046:
Memory fault at (nil) (pc=0x100018530c)
The integrity of this image is possibly compromised.
Continuing with fingers crossed.
CORRUPTION WARNING in SBCL pid 37046:
Memory fault at (nil) (pc=0x100018530c)
The integrity of this image is possibly compromised.
Continuing with fingers crossed.
CORRUPTION WARNING in SBCL pid 37046:
Memory fault at (nil) (pc=0x100018530c)
The integrity of this image is possibly compromised.
Continuing with fingers crossed.
CORRUPTION WARNING in SBCL pid 37046:
Memory fault at (nil) (pc=0x100018530c)
The integrity of this image is possibly compromised.
Continuing with fingers crossed.
CORRUPTION WARNING in SBCL pid 37046:
Memory fault at (nil) (pc=0x100018530c)
The integrity of this image is possibly compromised.
Continuing with fingers crossed.
CORRUPTION WARNING in SBCL pid 37046:
Memory fault at (nil) (pc=0x100018530c)
The integrity of this image is possibly compromised.
Continuing with fingers crossed.
CORRUPTION WARNING in SBCL pid 37046:
Memory fault at (nil) (pc=0x100018530c)
The integrity of this image is possibly compromised.
Continuing with fingers crossed.
CORRUPTION WARNING in SBCL pid 37046:
Memory fault at (nil) (pc=0x100018530c)
The integrity of this image is possibly compromised.
Continuing with fingers crossed.
CORRUPTION WARNING in SBCL pid 37046:
Memory fault at (nil) (pc=0x100018530c)
The integrity of this image is possibly compromised.
Continuing with fingers crossed.
CORRUPTION WARNING in SBCL pid 37046:
Memory fault at (nil) (pc=0x100018530c)
The integrity of this image is possibly compromised.
Continuing with fingers crossed.
CORRUPTION WARNING in SBCL pid 37046:
Memory fault at (nil) (pc=0x100018530c)
The integrity of this image is possibly compromised.
Continuing with fingers crossed.
CORRUPTION WARNING in SBCL pid 37046:
Memory fault at (nil) (pc=0x100018530c)
The integrity of this image is possibly compromised.
Continuing with fingers crossed.
CORRUPTION WARNING in SBCL pid 37046:
Memory fault at (nil) (pc=0x100018530c)
The integrity of this image is possibly compromised.
Continuing with fingers crossed.
CORRUPTION WARNING in SBCL pid 37046:
Memory fault at (nil) (pc=0x100018530c)
The integrity of this image is possibly compromised.
Continuing with fingers crossed.
CORRUPTION WARNING in SBCL pid 37046:
Memory fault at (nil) (pc=0x100018530c)
The integrity of this image is possibly compromised.
Continuing with fingers crossed.
CORRUPTION WARNING in SBCL pid 37046:
Memory fault at (nil) (pc=0x100018530c)
The integrity of this image is possibly compromised.
Continuing with fingers crossed.
CORRUPTION WARNING in SBCL pid 37046:
Memory fault at (nil) (pc=0x100018530c)
The integrity of this image is possibly compromised.
Continuing with fingers crossed.
CORRUPTION WARNING in SBCL pid 37046:
Memory fault at (nil) (pc=0x100018530c)
The integrity of this image is possibly compromised.
Continuing with fingers crossed.
CORRUPTION WARNING in SBCL pid 37046:
Memory fault at (nil) (pc=0x100018530c)
The integrity of this image is possibly compromised.
Continuing with fingers crossed.
CORRUPTION WARNING in SBCL pid 37046:
Memory fault at (nil) (pc=0x100018530c)
The integrity of this image is possibly compromised.
Continuing with fingers crossed.
CORRUPTION WARNING in SBCL pid 37046:
Memory fault at (nil) (pc=0x100018530c)
The integrity of this image is possibly compromised.
Continuing with fingers crossed.
CORRUPTION WARNING in SBCL pid 37046:
Memory fault at (nil) (pc=0x100018530c)
The integrity of this image is possibly compromised.
Continuing with fingers crossed.
CORRUPTION WARNING in SBCL pid 37046:
Memory fault at (nil) (pc=0x100018530c)
The integrity of this image is possibly compromised.
Continuing with fingers crossed.
CORRUPTION WARNING in SBCL pid 37046:
Memory fault at (nil) (pc=0x100018530c)
The integrity of this image is possibly compromised.
Continuing with fingers crossed.
CORRUPTION WARNING in SBCL pid 37046:
Memory fault at (nil) (pc=0x100018530c)
The integrity of this image is possibly compromised.
Continuing with fingers crossed.
CORRUPTION WARNING in SBCL pid 37046:
Memory fault at (nil) (pc=0x100018530c)
The integrity of this image is possibly compromised.
Continuing with fingers crossed.
CORRUPTION WARNING in SBCL pid 37046:
Memory fault at (nil) (pc=0x100018530c)
The integrity of this image is possibly compromised.
Continuing with fingers crossed.
CORRUPTION WARNING in SBCL pid 37046:
Memory fault at (nil) (pc=0x100018530c)
The integrity of this image is possibly compromised.
Continuing with fingers crossed.
CORRUPTION WARNING in SBCL pid 37046:
Memory fault at (nil) (pc=0x100018530c)
The integrity of this image is possibly compromised.
Continuing with fingers crossed.
CORRUPTION WARNING in SBCL pid 37046:
Memory fault at (nil) (pc=0x100018530c)
The integrity of this image is possibly compromised.
Continuing with fingers crossed.
CORRUPTION WARNING in SBCL pid 37046:
Memory fault at (nil) (pc=0x100018530c)
The integrity of this image is possibly compromised.
Continuing with fingers crossed.
CORRUPTION WARNING in SBCL pid 37046:
Memory fault at (nil) (pc=0x100018530c)
The integrity of this image is possibly compromised.
Continuing with fingers crossed.
CORRUPTION WARNING in SBCL pid 37046:
Memory fault at (nil) (pc=0x100018530c)
The integrity of this image is possibly compromised.
Continuing with fingers crossed.
CORRUPTION WARNING in SBCL pid 37046:
Memory fault at (nil) (pc=0x100018530c)
The integrity of this image is possibly compromised.
Continuing with fingers crossed.
CORRUPTION WARNING in SBCL pid 37046:
Memory fault at (nil) (pc=0x100018530c)
The integrity of this image is possibly compromised.
Continuing with fingers crossed.
CORRUPTION WARNING in SBCL pid 37046:
Memory fault at (nil) (pc=0x100018530c)
The integrity of this image is possibly compromised.
Continuing with fingers crossed.
CORRUPTION WARNING in SBCL pid 37046:
Memory fault at (nil) (pc=0x100018530c)
The integrity of this image is possibly compromised.
Continuing with fingers crossed.
CORRUPTION WARNING in SBCL pid 37046:
Memory fault at (nil) (pc=0x100018530c)
The integrity of this image is possibly compromised.
Continuing with fingers crossed.
CORRUPTION WARNING in SBCL pid 37046:
Memory fault at (nil) (pc=0x100018530c)
The integrity of this image is possibly compromised.
Continuing with fingers crossed.
CORRUPTION WARNING in SBCL pid 37046:
Memory fault at (nil) (pc=0x100018530c)
The integrity of this image is possibly compromised.
Continuing with fingers crossed.
CORRUPTION WARNING in SBCL pid 37046:
Memory fault at (nil) (pc=0x100018530c)
The integrity of this image is possibly compromised.
Continuing with fingers crossed.
CORRUPTION WARNING in SBCL pid 37046:
Memory fault at (nil) (pc=0x100018530c)
The integrity of this image is possibly compromised.
Continuing with fingers crossed.
CORRUPTION WARNING in SBCL pid 37046:
Memory fault at (nil) (pc=0x100018530c)
The integrity of this image is possibly compromised.
Continuing with fingers crossed.
CORRUPTION WARNING in SBCL pid 37046:
Memory fault at (nil) (pc=0x100018530c)
The integrity of this image is possibly compromised.
Continuing with fingers crossed.
CORRUPTION WARNING in SBCL pid 37046:
Memory fault at (nil) (pc=0x100018530c)
The integrity of this image is possibly compromised.
Continuing with fingers crossed.
CORRUPTION WARNING in SBCL pid 37046:
Memory fault at (nil) (pc=0x100018530c)
The integrity of this image is possibly compromised.
Continuing with fingers crossed.
CORRUPTION WARNING in SBCL pid 37046:
Memory fault at (nil) (pc=0x100018530c)
The integrity of this image is possibly compromised.
Continuing with fingers crossed.
CORRUPTION WARNING in SBCL pid 37046:
Memory fault at (nil) (pc=0x100018530c)
The integrity of this image is possibly compromised.
Continuing with fingers crossed.
CORRUPTION WARNING in SBCL pid 37046:
Memory fault at (nil) (pc=0x100018530c)
The integrity of this image is possibly compromised.
Continuing with fingers crossed.
CORRUPTION WARNING in SBCL pid 37046:
Memory fault at (nil) (pc=0x100018530c)
The integrity of this image is possibly compromised.
Continuing with fingers crossed.
CORRUPTION WARNING in SBCL pid 37046:
Memory fault at (nil) (pc=0x100018530c)
The integrity of this image is possibly compromised.
Continuing with fingers crossed.
CORRUPTION WARNING in SBCL pid 37046:
Memory fault at (nil) (pc=0x100018530c)
The integrity of this image is possibly compromised.
Continuing with fingers crossed.
CORRUPTION WARNING in SBCL pid 37046:
Memory fault at (nil) (pc=0x100018530c)
The integrity of this image is possibly compromised.
Continuing with fingers crossed.
CORRUPTION WARNING in SBCL pid 37046:
Memory fault at (nil) (pc=0x100018530c)
The integrity of this image is possibly compromised.
Continuing with fingers crossed.
CORRUPTION WARNING in SBCL pid 37046:
Memory fault at (nil) (pc=0x100018530c)
The integrity of this image is possibly compromised.
Continuing with fingers crossed.
CORRUPTION WARNING in SBCL pid 37046:
Memory fault at (nil) (pc=0x100018530c)
The integrity of this image is possibly compromised.
Continuing with fingers crossed.
CORRUPTION WARNING in SBCL pid 37046:
Memory fault at (nil) (pc=0x100018530c)
The integrity of this image is possibly compromised.
Continuing with fingers crossed.
CORRUPTION WARNING in SBCL pid 37046:
Memory fault at (nil) (pc=0x100018530c)
The integrity of this image is possibly compromised.
Continuing with fingers crossed.
CORRUPTION WARNING in SBCL pid 37046:
Memory fault at (nil) (pc=0x100018530c)
The integrity of this image is possibly compromised.
Continuing with fingers crossed.
CORRUPTION WARNING in SBCL pid 37046:
Memory fault at (nil) (pc=0x100018530c)
The integrity of this image is possibly compromised.
Continuing with fingers crossed.
CORRUPTION WARNING in SBCL pid 37046:
Memory fault at (nil) (pc=0x100018530c)
The integrity of this image is possibly compromised.
Continuing with fingers crossed.
CORRUPTION WARNING in SBCL pid 37046:
Memory fault at (nil) (pc=0x100018530c)
The integrity of this image is possibly compromised.
Continuing with fingers crossed.
CORRUPTION WARNING in SBCL pid 37046:
Memory fault at (nil) (pc=0x100018530c)
The integrity of this image is possibly compromised.
Continuing with fingers crossed.
CORRUPTION WARNING in SBCL pid 37046:
Memory fault at (nil) (pc=0x100018530c)
The integrity of this image is possibly compromised.
Continuing with fingers crossed.
CORRUPTION WARNING in SBCL pid 37046:
Memory fault at (nil) (pc=0x100018530c)
The integrity of this image is possibly compromised.
Continuing with fingers crossed.
CORRUPTION WARNING in SBCL pid 37046:
Memory fault at (nil) (pc=0x100018530c)
The integrity of this image is possibly compromised.
Continuing with fingers crossed.
CORRUPTION WARNING in SBCL pid 37046:
Memory fault at (nil) (pc=0x100018530c)
The integrity of this image is possibly compromised.
Continuing with fingers crossed.
CORRUPTION WARNING in SBCL pid 37046:
Memory fault at (nil) (pc=0x100018530c)
The integrity of this image is possibly compromised.
Continuing with fingers crossed.
CORRUPTION WARNING in SBCL pid 37046:
Memory fault at (nil) (pc=0x100018530c)
The integrity of this image is possibly compromised.
Continuing with fingers crossed.
CORRUPTION WARNING in SBCL pid 37046:
Memory fault at (nil) (pc=0x100018530c)
The integrity of this image is possibly compromised.
Continuing with fingers crossed.
CORRUPTION WARNING in SBCL pid 37046:
Memory fault at (nil) (pc=0x100018530c)
The integrity of this image is possibly compromised.
Continuing with fingers crossed.
CORRUPTION WARNING in SBCL pid 37046:
Memory fault at (nil) (pc=0x100018530c)
The integrity of this image is possibly compromised.
Continuing with fingers crossed.
CORRUPTION WARNING in SBCL pid 37046:
Memory fault at (nil) (pc=0x100018530c)
The integrity of this image is possibly compromised.
Continuing with fingers crossed.
CORRUPTION WARNING in SBCL pid 37046:
Memory fault at (nil) (pc=0x100018530c)
The integrity of this image is possibly compromised.
Continuing with fingers crossed.
CORRUPTION WARNING in SBCL pid 37046:
Memory fault at (nil) (pc=0x100018530c)
The integrity of this image is possibly compromised.
Continuing with fingers crossed.
CORRUPTION WARNING in SBCL pid 37046:
Memory fault at (nil) (pc=0x100018530c)
The integrity of this image is possibly compromised.
Continuing with fingers crossed.
CORRUPTION WARNING in SBCL pid 37046:
Memory fault at (nil) (pc=0x100018530c)
The integrity of this image is possibly compromised.
Continuing with fingers crossed.
CORRUPTION WARNING in SBCL pid 37046:
Memory fault at (nil) (pc=0x100018530c)
The integrity of this image is possibly compromised.
Continuing with fingers crossed.
CORRUPTION WARNING in SBCL pid 37046:
Memory fault at (nil) (pc=0x100018530c)
The integrity of this image is possibly compromised.
Continuing with fingers crossed.
CORRUPTION WARNING in SBCL pid 37046:
Memory fault at (nil) (pc=0x100018530c)
The integrity of this image is possibly compromised.
Continuing with fingers crossed.
CORRUPTION WARNING in SBCL pid 37046:
Memory fault at (nil) (pc=0x100018530c)
The integrity of this image is possibly compromised.
Continuing with fingers crossed.
CORRUPTION WARNING in SBCL pid 37046:
Memory fault at (nil) (pc=0x100018530c)
The integrity of this image is possibly compromised.
Continuing with fingers crossed.
CORRUPTION WARNING in SBCL pid 37046:
Memory fault at (nil) (pc=0x100018530c)
The integrity of this image is possibly compromised.
Continuing with fingers crossed.
CORRUPTION WARNING in SBCL pid 37046:
Memory fault at (nil) (pc=0x100018530c)
The integrity of this image is possibly compromised.
Continuing with fingers crossed.
CORRUPTION WARNING in SBCL pid 37046:
Memory fault at (nil) (pc=0x100018530c)
The integrity of this image is possibly compromised.
Continuing with fingers crossed.
CORRUPTION WARNING in SBCL pid 37046:
Memory fault at (nil) (pc=0x100018530c)
The integrity of this image is possibly compromised.
Continuing with fingers crossed.
CORRUPTION WARNING in SBCL pid 37046:
Memory fault at (nil) (pc=0x100018530c)
The integrity of this image is possibly compromised.
Continuing with fingers crossed.
CORRUPTION WARNING in SBCL pid 37046:
Memory fault at (nil) (pc=0x100018530c)
The integrity of this image is possibly compromised.
Continuing with fingers crossed.
CORRUPTION WARNING in SBCL pid 37046:
Memory fault at (nil) (pc=0x100018530c)
The integrity of this image is possibly compromised.
Continuing with fingers crossed.
CORRUPTION WARNING in SBCL pid 37046:
Memory fault at (nil) (pc=0x100018530c)
The integrity of this image is possibly compromised.
Continuing with fingers crossed.
CORRUPTION WARNING in SBCL pid 37046:
Memory fault at (nil) (pc=0x100018530c)
The integrity of this image is possibly compromised.
Continuing with fingers crossed.
CORRUPTION WARNING in SBCL pid 37046:
Memory fault at (nil) (pc=0x100018530c)
The integrity of this image is possibly compromised.
Continuing with fingers crossed.
CORRUPTION WARNING in SBCL pid 37046:
Memory fault at (nil) (pc=0x100018530c)
The integrity of this image is possibly compromised.
Continuing with fingers crossed.
CORRUPTION WARNING in SBCL pid 37046:
Memory fault at (nil) (pc=0x100018530c)
The integrity of this image is possibly compromised.
Continuing with fingers crossed.
CORRUPTION WARNING in SBCL pid 37046:
Memory fault at (nil) (pc=0x100018530c)
The integrity of this image is possibly compromised.
Continuing with fingers crossed.
CORRUPTION WARNING in SBCL pid 37046:
Memory fault at (nil) (pc=0x100018530c)
The integrity of this image is possibly compromised.
Continuing with fingers crossed.
CORRUPTION WARNING in SBCL pid 37046:
Memory fault at (nil) (pc=0x100018530c)
The integrity of this image is possibly compromised.
Continuing with fingers crossed.
CORRUPTION WARNING in SBCL pid 37046:
Memory fault at (nil) (pc=0x100018530c)
The integrity of this image is possibly compromised.
Continuing with fingers crossed.
CORRUPTION WARNING in SBCL pid 37046:
Memory fault at (nil) (pc=0x100018530c)
The integrity of this image is possibly compromised.
Continuing with fingers crossed.
CORRUPTION WARNING in SBCL pid 37046:
Memory fault at (nil) (pc=0x100018530c)
The integrity of this image is possibly compromised.
Continuing with fingers crossed.
CORRUPTION WARNING in SBCL pid 37046:
Memory fault at (nil) (pc=0x100018530c)
The integrity of this image is possibly compromised.
Continuing with fingers crossed.
CORRUPTION WARNING in SBCL pid 37046:
Memory fault at (nil) (pc=0x100018530c)
The integrity of this image is possibly compromised.
Continuing with fingers crossed.
CORRUPTION WARNING in SBCL pid 37046:
Memory fault at (nil) (pc=0x100018530c)
The integrity of this image is possibly compromised.
Continuing with fingers crossed.
CORRUPTION WARNING in SBCL pid 37046:
Memory fault at (nil) (pc=0x100018530c)
The integrity of this image is possibly compromised.
Continuing with fingers crossed.
CORRUPTION WARNING in SBCL pid 37046:
Memory fault at (nil) (pc=0x100018530c)
The integrity of this image is possibly compromised.
Continuing with fingers crossed.
CORRUPTION WARNING in SBCL pid 37046:
Memory fault at (nil) (pc=0x100018530c)
The integrity of this image is possibly compromised.
Continuing with fingers crossed.
CORRUPTION WARNING in SBCL pid 37046:
Memory fault at (nil) (pc=0x100018530c)
The integrity of this image is possibly compromised.
Continuing with fingers crossed.
CORRUPTION WARNING in SBCL pid 37046:
Memory fault at (nil) (pc=0x100018530c)
The integrity of this image is possibly compromised.
Continuing with fingers crossed.
CORRUPTION WARNING in SBCL pid 37046:
Memory fault at (nil) (pc=0x100018530c)
The integrity of this image is possibly compromised.
Continuing with fingers crossed.
CORRUPTION WARNING in SBCL pid 37046:
Memory fault at (nil) (pc=0x100018530c)
The integrity of this image is possibly compromised.
Continuing with fingers crossed.
CORRUPTION WARNING in SBCL pid 37046:
Memory fault at (nil) (pc=0x100018530c)
The integrity of this image is possibly compromised.
Continuing with fingers crossed.
CORRUPTION WARNING in SBCL pid 37046:
Memory fault at (nil) (pc=0x100018530c)
The integrity of this image is possibly compromised.
Continuing with fingers crossed.
CORRUPTION WARNING in SBCL pid 37046:
Memory fault at (nil) (pc=0x100018530c)
The integrity of this image is possibly compromised.
Continuing with fingers crossed.
CORRUPTION WARNING in SBCL pid 37046:
Memory fault at (nil) (pc=0x100018530c)
The integrity of this image is possibly compromised.
Continuing with fingers crossed.
CORRUPTION WARNING in SBCL pid 37046:
Memory fault at (nil) (pc=0x100018530c)
The integrity of this image is possibly compromised.
Continuing with fingers crossed.
CORRUPTION WARNING in SBCL pid 37046:
Memory fault at (nil) (pc=0x100018530c)
The integrity of this image is possibly compromised.
Continuing with fingers crossed.
CORRUPTION WARNING in SBCL pid 37046:
Memory fault at (nil) (pc=0x100018530c)
The integrity of this image is possibly compromised.
Continuing with fingers crossed.
CORRUPTION WARNING in SBCL pid 37046:
Memory fault at (nil) (pc=0x100018530c)
The integrity of this image is possibly compromised.
Continuing with fingers crossed.
CORRUPTION WARNING in SBCL pid 37046:
Memory fault at (nil) (pc=0x100018530c)
The integrity of this image is possibly compromised.
Continuing with fingers crossed.
CORRUPTION WARNING in SBCL pid 37046:
Memory fault at (nil) (pc=0x100018530c)
The integrity of this image is possibly compromised.
Continuing with fingers crossed.
CORRUPTION WARNING in SBCL pid 37046:
Memory fault at (nil) (pc=0x100018530c)
The integrity of this image is possibly compromised.
Continuing with fingers crossed.
CORRUPTION WARNING in SBCL pid 37046:
Memory fault at (nil) (pc=0x100018530c)
The integrity of this image is possibly compromised.
Continuing with fingers crossed.
CORRUPTION WARNING in SBCL pid 37046:
Memory fault at (nil) (pc=0x100018530c)
The integrity of this image is possibly compromised.
Continuing with fingers crossed.
CORRUPTION WARNING in SBCL pid 37046:
Memory fault at (nil) (pc=0x100018530c)
The integrity of this image is possibly compromised.
Continuing with fingers crossed.
CORRUPTION WARNING in SBCL pid 37046:
Memory fault at (nil) (pc=0x100018530c)
The integrity of this image is possibly compromised.
Continuing with fingers crossed.
CORRUPTION WARNING in SBCL pid 37046:
Memory fault at (nil) (pc=0x100018530c)
The integrity of this image is possibly compromised.
Continuing with fingers crossed.
CORRUPTION WARNING in SBCL pid 37046:
Memory fault at (nil) (pc=0x100018530c)
The integrity of this image is possibly compromised.
Continuing with fingers crossed.
CORRUPTION WARNING in SBCL pid 37046:
Memory fault at (nil) (pc=0x100018530c)
The integrity of this image is possibly compromised.
Continuing with fingers crossed.
CORRUPTION WARNING in SBCL pid 37046:
Memory fault at (nil) (pc=0x100018530c)
The integrity of this image is possibly compromised.
Continuing with fingers crossed.
CORRUPTION WARNING in SBCL pid 37046:
Memory fault at (nil) (pc=0x100018530c)
The integrity of this image is possibly compromised.
Continuing with fingers crossed.
CORRUPTION WARNING in SBCL pid 37046:
Memory fault at (nil) (pc=0x100018530c)
The integrity of this image is possibly compromised.
Continuing with fingers crossed.
CORRUPTION WARNING in SBCL pid 37046:
Memory fault at (nil) (pc=0x100018530c)
The integrity of this image is possibly compromised.
Continuing with fingers crossed.
CORRUPTION WARNING in SBCL pid 37046:
Memory fault at (nil) (pc=0x100018530c)
The integrity of this image is possibly compromised.
Continuing with fingers crossed.
CORRUPTION WARNING in SBCL pid 37046:
Memory fault at (nil) (pc=0x100018530c)
The integrity of this image is possibly compromised.
Continuing with fingers crossed.
CORRUPTION WARNING in SBCL pid 37046:
Memory fault at (nil) (pc=0x100018530c)
The integrity of this image is possibly compromised.
Continuing with fingers crossed.
CORRUPTION WARNING in SBCL pid 37046:
Memory fault at (nil) (pc=0x100018530c)
The integrity of this image is possibly compromised.
Continuing with fingers crossed.
CORRUPTION WARNING in SBCL pid 37046:
Memory fault at (nil) (pc=0x100018530c)
The integrity of this image is possibly compromised.
Continuing with fingers crossed.
CORRUPTION WARNING in SBCL pid 37046:
Memory fault at (nil) (pc=0x100018530c)
The integrity of this image is possibly compromised.
Continuing with fingers crossed.
CORRUPTION WARNING in SBCL pid 37046:
Memory fault at (nil) (pc=0x100018530c)
The integrity of this image is possibly compromised.
Continuing with fingers crossed.
CORRUPTION WARNING in SBCL pid 37046:
Memory fault at (nil) (pc=0x100018530c)
The integrity of this image is possibly compromised.
Continuing with fingers crossed.
CORRUPTION WARNING in SBCL pid 37046:
Memory fault at (nil) (pc=0x100018530c)
The integrity of this image is possibly compromised.
Continuing with fingers crossed.
CORRUPTION WARNING in SBCL pid 37046:
Memory fault at (nil) (pc=0x100018530c)
The integrity of this image is possibly compromised.
Continuing with fingers crossed.
CORRUPTION WARNING in SBCL pid 37046:
Memory fault at (nil) (pc=0x100018530c)
The integrity of this image is possibly compromised.
Continuing with fingers crossed.
CORRUPTION WARNING in SBCL pid 37046:
Memory fault at (nil) (pc=0x100018530c)
The integrity of this image is possibly compromised.
Continuing with fingers crossed.
CORRUPTION WARNING in SBCL pid 37046:
Memory fault at (nil) (pc=0x100018530c)
The integrity of this image is possibly compromised.
Continuing with fingers crossed.
CORRUPTION WARNING in SBCL pid 37046:
Memory fault at (nil) (pc=0x100018530c)
The integrity of this image is possibly compromised.
Continuing with fingers crossed.
CORRUPTION WARNING in SBCL pid 37046:
Memory fault at (nil) (pc=0x100018530c)
The integrity of this image is possibly compromised.
Continuing with fingers crossed.
CORRUPTION WARNING in SBCL pid 37046:
Memory fault at (nil) (pc=0x100018530c)
The integrity of this image is possibly compromised.
Continuing with fingers crossed.
CORRUPTION WARNING in SBCL pid 37046:
Memory fault at (nil) (pc=0x100018530c)
The integrity of this image is possibly compromised.
Continuing with fingers crossed.
CORRUPTION WARNING in SBCL pid 37046:
Memory fault at (nil) (pc=0x100018530c)
The integrity of this image is possibly compromised.
Continuing with fingers crossed.
CORRUPTION WARNING in SBCL pid 37046:
Memory fault at (nil) (pc=0x100018530c)
The integrity of this image is possibly compromised.
Continuing with fingers crossed.
CORRUPTION WARNING in SBCL pid 37046:
Memory fault at (nil) (pc=0x100018530c)
The integrity of this image is possibly compromised.
Continuing with fingers crossed.
CORRUPTION WARNING in SBCL pid 37046:
Memory fault at (nil) (pc=0x100018530c)
The integrity of this image is possibly compromised.
Continuing with fingers crossed.
CORRUPTION WARNING in SBCL pid 37046:
Memory fault at (nil) (pc=0x100018530c)
The integrity of this image is possibly compromised.
Continuing with fingers crossed.
CORRUPTION WARNING in SBCL pid 37046:
Memory fault at (nil) (pc=0x100018530c)
The integrity of this image is possibly compromised.
Continuing with fingers crossed.
CORRUPTION WARNING in SBCL pid 37046:
Memory fault at (nil) (pc=0x100018530c)
The integrity of this image is possibly compromised.
Continuing with fingers crossed.
CORRUPTION WARNING in SBCL pid 37046:
Memory fault at (nil) (pc=0x100018530c)
The integrity of this image is possibly compromised.
Continuing with fingers crossed.
CORRUPTION WARNING in SBCL pid 37046:
Memory fault at (nil) (pc=0x100018530c)
The integrity of this image is possibly compromised.
Continuing with fingers crossed.
CORRUPTION WARNING in SBCL pid 37046:
Memory fault at (nil) (pc=0x100018530c)
The integrity of this image is possibly compromised.
Continuing with fingers crossed.
CORRUPTION WARNING in SBCL pid 37046:
Memory fault at (nil) (pc=0x100018530c)
The integrity of this image is possibly compromised.
Continuing with fingers crossed.
CORRUPTION WARNING in SBCL pid 37046:
Memory fault at (nil) (pc=0x100018530c)
The integrity of this image is possibly compromised.
Continuing with fingers crossed.
CORRUPTION WARNING in SBCL pid 37046:
Memory fault at (nil) (pc=0x100018530c)
The integrity of this image is possibly compromised.
Continuing with fingers crossed.
CORRUPTION WARNING in SBCL pid 37046:
Memory fault at (nil) (pc=0x100018530c)
The integrity of this image is possibly compromised.
Continuing with fingers crossed.
CORRUPTION WARNING in SBCL pid 37046:
Memory fault at (nil) (pc=0x100018530c)
The integrity of this image is possibly compromised.
Continuing with fingers crossed.
CORRUPTION WARNING in SBCL pid 37046:
Memory fault at (nil) (pc=0x100018530c)
The integrity of this image is possibly compromised.
Continuing with fingers crossed.
CORRUPTION WARNING in SBCL pid 37046:
Memory fault at (nil) (pc=0x100018530c)
The integrity of this image is possibly compromised.
Continuing with fingers crossed.
CORRUPTION WARNING in SBCL pid 37046:
Memory fault at (nil) (pc=0x100018530c)
The integrity of this image is possibly compromised.
Continuing with fingers crossed.
CORRUPTION WARNING in SBCL pid 37046:
Memory fault at (nil) (pc=0x100018530c)
The integrity of this image is possibly compromised.
Continuing with fingers crossed.
CORRUPTION WARNING in SBCL pid 37046:
Memory fault at (nil) (pc=0x100018530c)
The integrity of this image is possibly compromised.
Continuing with fingers crossed.
CORRUPTION WARNING in SBCL pid 37046:
Memory fault at (nil) (pc=0x100018530c)
The integrity of this image is possibly compromised.
Continuing with fingers crossed.
CORRUPTION WARNING in SBCL pid 37046:
Memory fault at (nil) (pc=0x100018530c)
The integrity of this image is possibly compromised.
Continuing with fingers crossed.
CORRUPTION WARNING in SBCL pid 37046:
Memory fault at (nil) (pc=0x100018530c)
The integrity of this image is possibly compromised.
Continuing with fingers crossed.
CORRUPTION WARNING in SBCL pid 37046:
Memory fault at (nil) (pc=0x100018530c)
The integrity of this image is possibly compromised.
Continuing with fingers crossed.
CORRUPTION WARNING in SBCL pid 37046:
Memory fault at (nil) (pc=0x100018530c)
The integrity of this image is possibly compromised.
Continuing with fingers crossed.
CORRUPTION WARNING in SBCL pid 37046:
Memory fault at (nil) (pc=0x100018530c)
The integrity of this image is possibly compromised.
Continuing with fingers crossed.
CORRUPTION WARNING in SBCL pid 37046:
Memory fault at (nil) (pc=0x100018530c)
The integrity of this image is possibly compromised.
Continuing with fingers crossed.
CORRUPTION WARNING in SBCL pid 37046:
Memory fault at (nil) (pc=0x100018530c)
The integrity of this image is possibly compromised.
Continuing with fingers crossed.
CORRUPTION WARNING in SBCL pid 37046:
Memory fault at (nil) (pc=0x100018530c)
The integrity of this image is possibly compromised.
Continuing with fingers crossed.
CORRUPTION WARNING in SBCL pid 37046:
Memory fault at (nil) (pc=0x100018530c)
The integrity of this image is possibly compromised.
Continuing with fingers crossed.
CORRUPTION WARNING in SBCL pid 37046:
Memory fault at (nil) (pc=0x100018530c)
The integrity of this image is possibly compromised.
Continuing with fingers crossed.
CORRUPTION WARNING in SBCL pid 37046:
Memory fault at (nil) (pc=0x100018530c)
The integrity of this image is possibly compromised.
Continuing with fingers crossed.
CORRUPTION WARNING in SBCL pid 37046:
Memory fault at (nil) (pc=0x100018530c)
The integrity of this image is possibly compromised.
Continuing with fingers crossed.
CORRUPTION WARNING in SBCL pid 37046:
Memory fault at (nil) (pc=0x100018530c)
The integrity of this image is possibly compromised.
Continuing with fingers crossed.
CORRUPTION WARNING in SBCL pid 37046:
Memory fault at (nil) (pc=0x100018530c)
The integrity of this image is possibly compromised.
Continuing with fingers crossed.
CORRUPTION WARNING in SBCL pid 37046:
Memory fault at (nil) (pc=0x100018530c)
The integrity of this image is possibly compromised.
Continuing with fingers crossed.
CORRUPTION WARNING in SBCL pid 37046:
Memory fault at (nil) (pc=0x100018530c)
The integrity of this image is possibly compromised.
Continuing with fingers crossed.
CORRUPTION WARNING in SBCL pid 37046:
Memory fault at (nil) (pc=0x100018530c)
The integrity of this image is possibly compromised.
Continuing with fingers crossed.
CORRUPTION WARNING in SBCL pid 37046:
Memory fault at (nil) (pc=0x100018530c)
The integrity of this image is possibly compromised.
Continuing with fingers crossed.
CORRUPTION WARNING in SBCL pid 37046:
Memory fault at (nil) (pc=0x100018530c)
The integrity of this image is possibly compromised.
Continuing with fingers crossed.
CORRUPTION WARNING in SBCL pid 37046:
Memory fault at (nil) (pc=0x100018530c)
The integrity of this image is possibly compromised.
Continuing with fingers crossed.
CORRUPTION WARNING in SBCL pid 37046:
Memory fault at (nil) (pc=0x100018530c)
The integrity of this image is possibly compromised.
Continuing with fingers crossed.
CORRUPTION WARNING in SBCL pid 37046:
Memory fault at (nil) (pc=0x100018530c)
The integrity of this image is possibly compromised.
Continuing with fingers crossed.
CORRUPTION WARNING in SBCL pid 37046:
Memory fault at (nil) (pc=0x100018530c)
The integrity of this image is possibly compromised.
Continuing with fingers crossed.
CORRUPTION WARNING in SBCL pid 37046:
Memory fault at (nil) (pc=0x100018530c)
The integrity of this image is possibly compromised.
Continuing with fingers crossed.
CORRUPTION WARNING in SBCL pid 37046:
Memory fault at (nil) (pc=0x100018530c)
The integrity of this image is possibly compromised.
Continuing with fingers crossed.
CORRUPTION WARNING in SBCL pid 37046:
Memory fault at (nil) (pc=0x100018530c)
The integrity of this image is possibly compromised.
Continuing with fingers crossed.
CORRUPTION WARNING in SBCL pid 37046:
Memory fault at (nil) (pc=0x100018530c)
The integrity of this image is possibly compromised.
Continuing with fingers crossed.
CORRUPTION WARNING in SBCL pid 37046:
Memory fault at (nil) (pc=0x100018530c)
The integrity of this image is possibly compromised.
Continuing with fingers crossed.
CORRUPTION WARNING in SBCL pid 37046:
Memory fault at (nil) (pc=0x100018530c)
The integrity of this image is possibly compromised.
Continuing with fingers crossed.
CORRUPTION WARNING in SBCL pid 37046:
Memory fault at (nil) (pc=0x100018530c)
The integrity of this image is possibly compromised.
Continuing with fingers crossed.
CORRUPTION WARNING in SBCL pid 37046:
Memory fault at (nil) (pc=0x100018530c)
The integrity of this image is possibly compromised.
Continuing with fingers crossed.
CORRUPTION WARNING in SBCL pid 37046:
Memory fault at (nil) (pc=0x100018530c)
The integrity of this image is possibly compromised.
Continuing with fingers crossed.
CORRUPTION WARNING in SBCL pid 37046:
Memory fault at (nil) (pc=0x100018530c)
The integrity of this image is possibly compromised.
Continuing with fingers crossed.
CORRUPTION WARNING in SBCL pid 37046:
Memory fault at (nil) (pc=0x100018530c)
The integrity of this image is possibly compromised.
Continuing with fingers crossed.
CORRUPTION WARNING in SBCL pid 37046:
Memory fault at (nil) (pc=0x100018530c)
The integrity of this image is possibly compromised.
Continuing with fingers crossed.
CORRUPTION WARNING in SBCL pid 37046:
Memory fault at (nil) (pc=0x100018530c)
The integrity of this image is possibly compromised.
Continuing with fingers crossed.
CORRUPTION WARNING in SBCL pid 37046:
Memory fault at (nil) (pc=0x100018530c)
The integrity of this image is possibly compromised.
Continuing with fingers crossed.
CORRUPTION WARNING in SBCL pid 37046:
Memory fault at (nil) (pc=0x100018530c)
The integrity of this image is possibly compromised.
Continuing with fingers crossed.
CORRUPTION WARNING in SBCL pid 37046:
Memory fault at (nil) (pc=0x100018530c)
The integrity of this image is possibly compromised.
Continuing with fingers crossed.
CORRUPTION WARNING in SBCL pid 37046:
Memory fault at (nil) (pc=0x100018530c)
The integrity of this image is possibly compromised.
Continuing with fingers crossed.
CORRUPTION WARNING in SBCL pid 37046:
Memory fault at (nil) (pc=0x100018530c)
The integrity of this image is possibly compromised.
Continuing with fingers crossed.
CORRUPTION WARNING in SBCL pid 37046:
Memory fault at (nil) (pc=0x100018530c)
The integrity of this image is possibly compromised.
Continuing with fingers crossed.
CORRUPTION WARNING in SBCL pid 37046:
Memory fault at (nil) (pc=0x100018530c)
The integrity of this image is possibly compromised.
Continuing with fingers crossed.
CORRUPTION WARNING in SBCL pid 37046:
Memory fault at (nil) (pc=0x100018530c)
The integrity of this image is possibly compromised.
Continuing with fingers crossed.
CORRUPTION WARNING in SBCL pid 37046:
Memory fault at (nil) (pc=0x100018530c)
The integrity of this image is possibly compromised.
Continuing with fingers crossed.
CORRUPTION WARNING in SBCL pid 37046:
Memory fault at (nil) (pc=0x100018530c)
The integrity of this image is possibly compromised.
Continuing with fingers crossed.
CORRUPTION WARNING in SBCL pid 37046:
Memory fault at (nil) (pc=0x100018530c)
The integrity of this image is possibly compromised.
Continuing with fingers crossed.
CORRUPTION WARNING in SBCL pid 37046:
Memory fault at (nil) (pc=0x100018530c)
The integrity of this image is possibly compromised.
Continuing with fingers crossed.
CORRUPTION WARNING in SBCL pid 37046:
Memory fault at (nil) (pc=0x100018530c)
The integrity of this image is possibly compromised.
Continuing with fingers crossed.
CORRUPTION WARNING in SBCL pid 37046:
Memory fault at (nil) (pc=0x100018530c)
The integrity of this image is possibly compromised.
Continuing with fingers crossed.
CORRUPTION WARNING in SBCL pid 37046:
Memory fault at (nil) (pc=0x100018530c)
The integrity of this image is possibly compromised.
Continuing with fingers crossed.
CORRUPTION WARNING in SBCL pid 37046:
Memory fault at (nil) (pc=0x100018530c)
The integrity of this image is possibly compromised.
Continuing with fingers crossed.
CORRUPTION WARNING in SBCL pid 37046:
Memory fault at (nil) (pc=0x100018530c)
The integrity of this image is possibly compromised.
Continuing with fingers crossed.
CORRUPTION WARNING in SBCL pid 37046:
Memory fault at (nil) (pc=0x100018530c)
The integrity of this image is possibly compromised.
Continuing with fingers crossed.
CORRUPTION WARNING in SBCL pid 37046:
Memory fault at (nil) (pc=0x100018530c)
The integrity of this image is possibly compromised.
Continuing with fingers crossed.
CORRUPTION WARNING in SBCL pid 37046:
Memory fault at (nil) (pc=0x100018530c)
The integrity of this image is possibly compromised.
Continuing with fingers crossed.
CORRUPTION WARNING in SBCL pid 37046:
Memory fault at (nil) (pc=0x100018530c)
The integrity of this image is possibly compromised.
Continuing with fingers crossed.
CORRUPTION WARNING in SBCL pid 37046:
Memory fault at (nil) (pc=0x100018530c)
The integrity of this image is possibly compromised.
Continuing with fingers crossed.
CORRUPTION WARNING in SBCL pid 37046:
Memory fault at (nil) (pc=0x100018530c)
The integrity of this image is possibly compromised.
Continuing with fingers crossed.
CORRUPTION WARNING in SBCL pid 37046:
Memory fault at (nil) (pc=0x100018530c)
The integrity of this image is possibly compromised.
Continuing with fingers crossed.
CORRUPTION WARNING in SBCL pid 37046:
Memory fault at (nil) (pc=0x100018530c)
The integrity of this image is possibly compromised.
Continuing with fingers crossed.
CORRUPTION WARNING in SBCL pid 37046:
Memory fault at (nil) (pc=0x100018530c)
The integrity of this image is possibly compromised.
Continuing with fingers crossed.
CORRUPTION WARNING in SBCL pid 37046:
Memory fault at (nil) (pc=0x100018530c)
The integrity of this image is possibly compromised.
Continuing with fingers crossed.
CORRUPTION WARNING in SBCL pid 37046:
Memory fault at (nil) (pc=0x100018530c)
The integrity of this image is possibly compromised.
Continuing with fingers crossed.
CORRUPTION WARNING in SBCL pid 37046:
Memory fault at (nil) (pc=0x100018530c)
The integrity of this image is possibly compromised.
Continuing with fingers crossed.
CORRUPTION WARNING in SBCL pid 37046:
Memory fault at (nil) (pc=0x100018530c)
The integrity of this image is possibly compromised.
Continuing with fingers crossed.
CORRUPTION WARNING in SBCL pid 37046:
Memory fault at (nil) (pc=0x100018530c)
The integrity of this image is possibly compromised.
Continuing with fingers crossed.
CORRUPTION WARNING in SBCL pid 37046:
Memory fault at (nil) (pc=0x100018530c)
The integrity of this image is possibly compromised.
Continuing with fingers crossed.
CORRUPTION WARNING in SBCL pid 37046:
Memory fault at (nil) (pc=0x100018530c)
The integrity of this image is possibly compromised.
Continuing with fingers crossed.
CORRUPTION WARNING in SBCL pid 37046:
Memory fault at (nil) (pc=0x100018530c)
The integrity of this image is possibly compromised.
Continuing with fingers crossed.
CORRUPTION WARNING in SBCL pid 37046:
Memory fault at (nil) (pc=0x100018530c)
The integrity of this image is possibly compromised.
Continuing with fingers crossed.
CORRUPTION WARNING in SBCL pid 37046:
Memory fault at (nil) (pc=0x100018530c)
The integrity of this image is possibly compromised.
Continuing with fingers crossed.
CORRUPTION WARNING in SBCL pid 37046:
Memory fault at (nil) (pc=0x100018530c)
The integrity of this image is possibly compromised.
Continuing with fingers crossed.
CORRUPTION WARNING in SBCL pid 37046:
Memory fault at (nil) (pc=0x100018530c)
The integrity of this image is possibly compromised.
Continuing with fingers crossed.
CORRUPTION WARNING in SBCL pid 37046:
Memory fault at (nil) (pc=0x100018530c)
The integrity of this image is possibly compromised.
Continuing with fingers crossed.
CORRUPTION WARNING in SBCL pid 37046:
Memory fault at (nil) (pc=0x100018530c)
The integrity of this image is possibly compromised.
Continuing with fingers crossed.
CORRUPTION WARNING in SBCL pid 37046:
Memory fault at (nil) (pc=0x100018530c)
The integrity of this image is possibly compromised.
Continuing with fingers crossed.
CORRUPTION WARNING in SBCL pid 37046:
Memory fault at (nil) (pc=0x100018530c)
The integrity of this image is possibly compromised.
Continuing with fingers crossed.
CORRUPTION WARNING in SBCL pid 37046:
Memory fault at (nil) (pc=0x100018530c)
The integrity of this image is possibly compromised.
Continuing with fingers crossed.
CORRUPTION WARNING in SBCL pid 37046:
Memory fault at (nil) (pc=0x100018530c)
The integrity of this image is possibly compromised.
Continuing with fingers crossed.
CORRUPTION WARNING in SBCL pid 37046:
Memory fault at (nil) (pc=0x100018530c)
The integrity of this image is possibly compromised.
Continuing with fingers crossed.
CORRUPTION WARNING in SBCL pid 37046:
Memory fault at (nil) (pc=0x100018530c)
The integrity of this image is possibly compromised.
Continuing with fingers crossed.
CORRUPTION WARNING in SBCL pid 37046:
Memory fault at (nil) (pc=0x100018530c)
The integrity of this image is possibly compromised.
Continuing with fingers crossed.
CORRUPTION WARNING in SBCL pid 37046:
Memory fault at (nil) (pc=0x100018530c)
The integrity of this image is possibly compromised.
Continuing with fingers crossed.
CORRUPTION WARNING in SBCL pid 37046:
Memory fault at (nil) (pc=0x100018530c)
The integrity of this image is possibly compromised.
Continuing with fingers crossed.
CORRUPTION WARNING in SBCL pid 37046:
Memory fault at (nil) (pc=0x100018530c)
The integrity of this image is possibly compromised.
Continuing with fingers crossed.
CORRUPTION WARNING in SBCL pid 37046:
Memory fault at (nil) (pc=0x100018530c)
The integrity of this image is possibly compromised.
Continuing with fingers crossed.
CORRUPTION WARNING in SBCL pid 37046:
Memory fault at (nil) (pc=0x100018530c)
The integrity of this image is possibly compromised.
Continuing with fingers crossed.
CORRUPTION WARNING in SBCL pid 37046:
Memory fault at (nil) (pc=0x100018530c)
The integrity of this image is possibly compromised.
Continuing with fingers crossed.
CORRUPTION WARNING in SBCL pid 37046:
Memory fault at (nil) (pc=0x100018530c)
The integrity of this image is possibly compromised.
Continuing with fingers crossed.
CORRUPTION WARNING in SBCL pid 37046:
Memory fault at (nil) (pc=0x100018530c)
The integrity of this image is possibly compromised.
Continuing with fingers crossed.
CORRUPTION WARNING in SBCL pid 37046:
Memory fault at (nil) (pc=0x100018530c)
The integrity of this image is possibly compromised.
Continuing with fingers crossed.
CORRUPTION WARNING in SBCL pid 37046:
Memory fault at (nil) (pc=0x100018530c)
The integrity of this image is possibly compromised.
Continuing with fingers crossed.
CORRUPTION WARNING in SBCL pid 37046:
Memory fault at (nil) (pc=0x100018530c)
The integrity of this image is possibly compromised.
Continuing with fingers crossed.
CORRUPTION WARNING in SBCL pid 37046:
Memory fault at (nil) (pc=0x100018530c)
The integrity of this image is possibly compromised.
Continuing with fingers crossed.
CORRUPTION WARNING in SBCL pid 37046:
Memory fault at (nil) (pc=0x100018530c)
The integrity of this image is possibly compromised.
Continuing with fingers crossed.
CORRUPTION WARNING in SBCL pid 37046:
Memory fault at (nil) (pc=0x100018530c)
The integrity of this image is possibly compromised.
Continuing with fingers crossed.
CORRUPTION WARNING in SBCL pid 37046:
Memory fault at (nil) (pc=0x100018530c)
The integrity of this image is possibly compromised.
Continuing with fingers crossed.
CORRUPTION WARNING in SBCL pid 37046:
Memory fault at (nil) (pc=0x100018530c)
The integrity of this image is possibly compromised.
Continuing with fingers crossed.
CORRUPTION WARNING in SBCL pid 37046:
Memory fault at (nil) (pc=0x100018530c)
The integrity of this image is possibly compromised.
Continuing with fingers crossed.
CORRUPTION WARNING in SBCL pid 37046:
Memory fault at (nil) (pc=0x100018530c)
The integrity of this image is possibly compromised.
Continuing with fingers crossed.
CORRUPTION WARNING in SBCL pid 37046:
Memory fault at (nil) (pc=0x100018530c)
The integrity of this image is possibly compromised.
Continuing with fingers crossed.
CORRUPTION WARNING in SBCL pid 37046:
Memory fault at (nil) (pc=0x100018530c)
The integrity of this image is possibly compromised.
Continuing with fingers crossed.
CORRUPTION WARNING in SBCL pid 37046:
Memory fault at (nil) (pc=0x100018530c)
The integrity of this image is possibly compromised.
Continuing with fingers crossed.
CORRUPTION WARNING in SBCL pid 37046:
Memory fault at (nil) (pc=0x100018530c)
The integrity of this image is possibly compromised.
Continuing with fingers crossed.
CORRUPTION WARNING in SBCL pid 37046:
Memory fault at (nil) (pc=0x100018530c)
The integrity of this image is possibly compromised.
Continuing with fingers crossed.
CORRUPTION WARNING in SBCL pid 37046:
Memory fault at (nil) (pc=0x100018530c)
The integrity of this image is possibly compromised.
Continuing with fingers crossed.
CORRUPTION WARNING in SBCL pid 37046:
Memory fault at (nil) (pc=0x100018530c)
The integrity of this image is possibly compromised.
Continuing with fingers crossed.
CORRUPTION WARNING in SBCL pid 37046:
Memory fault at (nil) (pc=0x100018530c)
The integrity of this image is possibly compromised.
Continuing with fingers crossed.
CORRUPTION WARNING in SBCL pid 37046:
Memory fault at (nil) (pc=0x100018530c)
The integrity of this image is possibly compromised.
Continuing with fingers crossed.
CORRUPTION WARNING in SBCL pid 37046:
Memory fault at (nil) (pc=0x100018530c)
The integrity of this image is possibly compromised.
Continuing with fingers crossed.
CORRUPTION WARNING in SBCL pid 37046:
Memory fault at (nil) (pc=0x100018530c)
The integrity of this image is possibly compromised.
Continuing with fingers crossed.
CORRUPTION WARNING in SBCL pid 37046:
Memory fault at (nil) (pc=0x100018530c)
The integrity of this image is possibly compromised.
Continuing with fingers crossed.
CORRUPTION WARNING in SBCL pid 37046:
Memory fault at (nil) (pc=0x100018530c)
The integrity of this image is possibly compromised.
Continuing with fingers crossed.
CORRUPTION WARNING in SBCL pid 37046:
Memory fault at (nil) (pc=0x100018530c)
The integrity of this image is possibly compromised.
Continuing with fingers crossed.
CORRUPTION WARNING in SBCL pid 37046:
Memory fault at (nil) (pc=0x100018530c)
The integrity of this image is possibly compromised.
Continuing with fingers crossed.
CORRUPTION WARNING in SBCL pid 37046:
Memory fault at (nil) (pc=0x100018530c)
The integrity of this image is possibly compromised.
Continuing with fingers crossed.
CORRUPTION WARNING in SBCL pid 37046:
Memory fault at (nil) (pc=0x100018530c)
The integrity of this image is possibly compromised.
Continuing with fingers crossed.
CORRUPTION WARNING in SBCL pid 37046:
Memory fault at (nil) (pc=0x100018530c)
The integrity of this image is possibly compromised.
Continuing with fingers crossed.
CORRUPTION WARNING in SBCL pid 37046:
Memory fault at (nil) (pc=0x100018530c)
The integrity of this image is possibly compromised.
Continuing with fingers crossed.
CORRUPTION WARNING in SBCL pid 37046:
Memory fault at (nil) (pc=0x100018530c)
The integrity of this image is possibly compromised.
Continuing with fingers crossed.
CORRUPTION WARNING in SBCL pid 37046:
Memory fault at (nil) (pc=0x100018530c)
The integrity of this image is possibly compromised.
Continuing with fingers crossed.
CORRUPTION WARNING in SBCL pid 37046:
Memory fault at (nil) (pc=0x100018530c)
The integrity of this image is possibly compromised.
Continuing with fingers crossed.
CORRUPTION WARNING in SBCL pid 37046:
Memory fault at (nil) (pc=0x100018530c)
The integrity of this image is possibly compromised.
Continuing with fingers crossed.
CORRUPTION WARNING in SBCL pid 37046:
Memory fault at (nil) (pc=0x100018530c)
The integrity of this image is possibly compromised.
Continuing with fingers crossed.
CORRUPTION WARNING in SBCL pid 37046:
Memory fault at (nil) (pc=0x100018530c)
The integrity of this image is possibly compromised.
Continuing with fingers crossed.
CORRUPTION WARNING in SBCL pid 37046:
Memory fault at (nil) (pc=0x100018530c)
The integrity of this image is possibly compromised.
Continuing with fingers crossed.
CORRUPTION WARNING in SBCL pid 37046:
Memory fault at (nil) (pc=0x100018530c)
The integrity of this image is possibly compromised.
Continuing with fingers crossed.
CORRUPTION WARNING in SBCL pid 37046:
Memory fault at (nil) (pc=0x100018530c)
The integrity of this image is possibly compromised.
Continuing with fingers crossed.
CORRUPTION WARNING in SBCL pid 37046:
Memory fault at (nil) (pc=0x100018530c)
The integrity of this image is possibly compromised.
Continuing with fingers crossed.
CORRUPTION WARNING in SBCL pid 37046:
Memory fault at (nil) (pc=0x100018530c)
The integrity of this image is possibly compromised.
Continuing with fingers crossed.
CORRUPTION WARNING in SBCL pid 37046:
Memory fault at (nil) (pc=0x100018530c)
The integrity of this image is possibly compromised.
Continuing with fingers crossed.
CORRUPTION WARNING in SBCL pid 37046:
Memory fault at (nil) (pc=0x100018530c)
The integrity of this image is possibly compromised.
Continuing with fingers crossed.
CORRUPTION WARNING in SBCL pid 37046:
Memory fault at (nil) (pc=0x100018530c)
The integrity of this image is possibly compromised.
Continuing with fingers crossed.
CORRUPTION WARNING in SBCL pid 37046:
Memory fault at (nil) (pc=0x100018530c)
The integrity of this image is possibly compromised.
Continuing with fingers crossed.
CORRUPTION WARNING in SBCL pid 37046:
Memory fault at (nil) (pc=0x100018530c)
The integrity of this image is possibly compromised.
Continuing with fingers crossed.
CORRUPTION WARNING in SBCL pid 37046:
Memory fault at (nil) (pc=0x100018530c)
The integrity of this image is possibly compromised.
Continuing with fingers crossed.
CORRUPTION WARNING in SBCL pid 37046:
Memory fault at (nil) (pc=0x100018530c)
The integrity of this image is possibly compromised.
Continuing with fingers crossed.
CORRUPTION WARNING in SBCL pid 37046:
Memory fault at (nil) (pc=0x100018530c)
The integrity of this image is possibly compromised.
Continuing with fingers crossed.
CORRUPTION WARNING in SBCL pid 37046:
Memory fault at (nil) (pc=0x100018530c)
The integrity of this image is possibly compromised.
Continuing with fingers crossed.
CORRUPTION WARNING in SBCL pid 37046:
Memory fault at (nil) (pc=0x100018530c)
The integrity of this image is possibly compromised.
Continuing with fingers crossed.
CORRUPTION WARNING in SBCL pid 37046:
Memory fault at (nil) (pc=0x100018530c)
The integrity of this image is possibly compromised.
Continuing with fingers crossed.
CORRUPTION WARNING in SBCL pid 37046:
Memory fault at (nil) (pc=0x100018530c)
The integrity of this image is possibly compromised.
Continuing with fingers crossed.
CORRUPTION WARNING in SBCL pid 37046:
Memory fault at (nil) (pc=0x100018530c)
The integrity of this image is possibly compromised.
Continuing with fingers crossed.
CORRUPTION WARNING in SBCL pid 37046:
Memory fault at (nil) (pc=0x100018530c)
The integrity of this image is possibly compromised.
Continuing with fingers crossed.
CORRUPTION WARNING in SBCL pid 37046:
Memory fault at (nil) (pc=0x100018530c)
The integrity of this image is possibly compromised.
Continuing with fingers crossed.
CORRUPTION WARNING in SBCL pid 37046:
Memory fault at (nil) (pc=0x100018530c)
The integrity of this image is possibly compromised.
Continuing with fingers crossed.
CORRUPTION WARNING in SBCL pid 37046:
Memory fault at (nil) (pc=0x100018530c)
The integrity of this image is possibly compromised.
Continuing with fingers crossed.
CORRUPTION WARNING in SBCL pid 37046:
Memory fault at (nil) (pc=0x100018530c)
The integrity of this image is possibly compromised.
Continuing with fingers crossed.
CORRUPTION WARNING in SBCL pid 37046:
Memory fault at (nil) (pc=0x100018530c)
The integrity of this image is possibly compromised.
Continuing with fingers crossed.
CORRUPTION WARNING in SBCL pid 37046:
Memory fault at (nil) (pc=0x100018530c)
The integrity of this image is possibly compromised.
Continuing with fingers crossed.
CORRUPTION WARNING in SBCL pid 37046:
Memory fault at (nil) (pc=0x100018530c)
The integrity of this image is possibly compromised.
Continuing with fingers crossed.
CORRUPTION WARNING in SBCL pid 37046:
Memory fault at (nil) (pc=0x100018530c)
The integrity of this image is possibly compromised.
Continuing with fingers crossed.
CORRUPTION WARNING in SBCL pid 37046:
Memory fault at (nil) (pc=0x100018530c)
The integrity of this image is possibly compromised.
Continuing with fingers crossed.
CORRUPTION WARNING in SBCL pid 37046:
Memory fault at (nil) (pc=0x100018530c)
The integrity of this image is possibly compromised.
Continuing with fingers crossed.
CORRUPTION WARNING in SBCL pid 37046:
Memory fault at (nil) (pc=0x100018530c)
The integrity of this image is possibly compromised.
Continuing with fingers crossed.
CORRUPTION WARNING in SBCL pid 37046:
Memory fault at (nil) (pc=0x100018530c)
The integrity of this image is possibly compromised.
Continuing with fingers crossed.
CORRUPTION WARNING in SBCL pid 37046:
Memory fault at (nil) (pc=0x100018530c)
The integrity of this image is possibly compromised.
Continuing with fingers crossed.
CORRUPTION WARNING in SBCL pid 37046:
Memory fault at (nil) (pc=0x100018530c)
The integrity of this image is possibly compromised.
Continuing with fingers crossed.
CORRUPTION WARNING in SBCL pid 37046:
Memory fault at (nil) (pc=0x100018530c)
The integrity of this image is possibly compromised.
Continuing with fingers crossed.
CORRUPTION WARNING in SBCL pid 37046:
Memory fault at (nil) (pc=0x100018530c)
The integrity of this image is possibly compromised.
Continuing with fingers crossed.
CORRUPTION WARNING in SBCL pid 37046:
Memory fault at (nil) (pc=0x100018530c)
The integrity of this image is possibly compromised.
Continuing with fingers crossed.
CORRUPTION WARNING in SBCL pid 37046:
Memory fault at (nil) (pc=0x100018530c)
The integrity of this image is possibly compromised.
Continuing with fingers crossed.
CORRUPTION WARNING in SBCL pid 37046:
Memory fault at (nil) (pc=0x100018530c)
The integrity of this image is possibly compromised.
Continuing with fingers crossed.
CORRUPTION WARNING in SBCL pid 37046:
Memory fault at (nil) (pc=0x100018530c)
The integrity of this image is possibly compromised.
Continuing with fingers crossed.
CORRUPTION WARNING in SBCL pid 37046:
Memory fault at (nil) (pc=0x100018530c)
The integrity of this image is possibly compromised.
Continuing with fingers crossed.
CORRUPTION WARNING in SBCL pid 37046:
Memory fault at (nil) (pc=0x100018530c)
The integrity of this image is possibly compromised.
Continuing with fingers crossed.
CORRUPTION WARNING in SBCL pid 37046:
Memory fault at (nil) (pc=0x100018530c)
The integrity of this image is possibly compromised.
Continuing with fingers crossed.
CORRUPTION WARNING in SBCL pid 37046:
Memory fault at (nil) (pc=0x100018530c)
The integrity of this image is possibly compromised.
Continuing with fingers crossed.
CORRUPTION WARNING in SBCL pid 37046:
Memory fault at (nil) (pc=0x100018530c)
The integrity of this image is possibly compromised.
Continuing with fingers crossed.
CORRUPTION WARNING in SBCL pid 37046:
Memory fault at (nil) (pc=0x100018530c)
The integrity of this image is possibly compromised.
Continuing with fingers crossed.
CORRUPTION WARNING in SBCL pid 37046:
Memory fault at (nil) (pc=0x100018530c)
The integrity of this image is possibly compromised.
Continuing with fingers crossed.
CORRUPTION WARNING in SBCL pid 37046:
Memory fault at (nil) (pc=0x100018530c)
The integrity of this image is possibly compromised.
Continuing with fingers crossed.
CORRUPTION WARNING in SBCL pid 37046:
Memory fault at (nil) (pc=0x100018530c)
The integrity of this image is possibly compromised.
Continuing with fingers crossed.
CORRUPTION WARNING in SBCL pid 37046:
Memory fault at (nil) (pc=0x100018530c)
The integrity of this image is possibly compromised.
Continuing with fingers crossed.
CORRUPTION WARNING in SBCL pid 37046:
Memory fault at (nil) (pc=0x100018530c)
The integrity of this image is possibly compromised.
Continuing with fingers crossed.
CORRUPTION WARNING in SBCL pid 37046:
Memory fault at (nil) (pc=0x100018530c)
The integrity of this image is possibly compromised.
Continuing with fingers crossed.
CORRUPTION WARNING in SBCL pid 37046:
Memory fault at (nil) (pc=0x100018530c)
The integrity of this image is possibly compromised.
Continuing with fingers crossed.
CORRUPTION WARNING in SBCL pid 37046:
Memory fault at (nil) (pc=0x100018530c)
The integrity of this image is possibly compromised.
Continuing with fingers crossed.
CORRUPTION WARNING in SBCL pid 37046:
Memory fault at (nil) (pc=0x100018530c)
The integrity of this image is possibly compromised.
Continuing with fingers crossed.
CORRUPTION WARNING in SBCL pid 37046:
Memory fault at (nil) (pc=0x100018530c)
The integrity of this image is possibly compromised.
Continuing with fingers crossed.
CORRUPTION WARNING in SBCL pid 37046:
Memory fault at (nil) (pc=0x100018530c)
The integrity of this image is possibly compromised.
Continuing with fingers crossed.
CORRUPTION WARNING in SBCL pid 37046:
Memory fault at (nil) (pc=0x100018530c)
The integrity of this image is possibly compromised.
Continuing with fingers crossed.
CORRUPTION WARNING in SBCL pid 37046:
Memory fault at (nil) (pc=0x100018530c)
The integrity of this image is possibly compromised.
Continuing with fingers crossed.
CORRUPTION WARNING in SBCL pid 37046:
Memory fault at (nil) (pc=0x100018530c)
The integrity of this image is possibly compromised.
Continuing with fingers crossed.
CORRUPTION WARNING in SBCL pid 37046:
Memory fault at (nil) (pc=0x100018530c)
The integrity of this image is possibly compromised.
Continuing with fingers crossed.
CORRUPTION WARNING in SBCL pid 37046:
Memory fault at (nil) (pc=0x100018530c)
The integrity of this image is possibly compromised.
Continuing with fingers crossed.
CORRUPTION WARNING in SBCL pid 37046:
Memory fault at (nil) (pc=0x100018530c)
The integrity of this image is possibly compromised.
Continuing with fingers crossed.
CORRUPTION WARNING in SBCL pid 37046:
Memory fault at (nil) (pc=0x100018530c)
The integrity of this image is possibly compromised.
Continuing with fingers crossed.
CORRUPTION WARNING in SBCL pid 37046:
Memory fault at (nil) (pc=0x100018530c)
The integrity of this image is possibly compromised.
Continuing with fingers crossed.
CORRUPTION WARNING in SBCL pid 37046:
Memory fault at (nil) (pc=0x100018530c)
The integrity of this image is possibly compromised.
Continuing with fingers crossed.
CORRUPTION WARNING in SBCL pid 37046:
Memory fault at (nil) (pc=0x100018530c)
The integrity of this image is possibly compromised.
Continuing with fingers crossed.
CORRUPTION WARNING in SBCL pid 37046:
Memory fault at (nil) (pc=0x100018530c)
The integrity of this image is possibly compromised.
Continuing with fingers crossed.
CORRUPTION WARNING in SBCL pid 37046:
Memory fault at (nil) (pc=0x100018530c)
The integrity of this image is possibly compromised.
Continuing with fingers crossed.
CORRUPTION WARNING in SBCL pid 37046:
Memory fault at (nil) (pc=0x100018530c)
The integrity of this image is possibly compromised.
Continuing with fingers crossed.
CORRUPTION WARNING in SBCL pid 37046:
Memory fault at (nil) (pc=0x100018530c)
The integrity of this image is possibly compromised.
Continuing with fingers crossed.
CORRUPTION WARNING in SBCL pid 37046:
Memory fault at (nil) (pc=0x100018530c)
The integrity of this image is possibly compromised.
Continuing with fingers crossed.
CORRUPTION WARNING in SBCL pid 37046:
Memory fault at (nil) (pc=0x100018530c)
The integrity of this image is possibly compromised.
Continuing with fingers crossed.
CORRUPTION WARNING in SBCL pid 37046:
Memory fault at (nil) (pc=0x100018530c)
The integrity of this image is possibly compromised.
Continuing with fingers crossed.
CORRUPTION WARNING in SBCL pid 37046:
Memory fault at (nil) (pc=0x100018530c)
The integrity of this image is possibly compromised.
Continuing with fingers crossed.
CORRUPTION WARNING in SBCL pid 37046:
Memory fault at (nil) (pc=0x100018530c)
The integrity of this image is possibly compromised.
Continuing with fingers crossed.
CORRUPTION WARNING in SBCL pid 37046:
Memory fault at (nil) (pc=0x100018530c)
The integrity of this image is possibly compromised.
Continuing with fingers crossed.
CORRUPTION WARNING in SBCL pid 37046:
Memory fault at (nil) (pc=0x100018530c)
The integrity of this image is possibly compromised.
Continuing with fingers crossed.
CORRUPTION WARNING in SBCL pid 37046:
Memory fault at (nil) (pc=0x100018530c)
The integrity of this image is possibly compromised.
Continuing with fingers crossed.
CORRUPTION WARNING in SBCL pid 37046:
Memory fault at (nil) (pc=0x100018530c)
The integrity of this image is possibly compromised.
Continuing with fingers crossed.
CORRUPTION WARNING in SBCL pid 37046:
Memory fault at (nil) (pc=0x100018530c)
The integrity of this image is possibly compromised.
Continuing with fingers crossed.
CORRUPTION WARNING in SBCL pid 37046:
Memory fault at (nil) (pc=0x100018530c)
The integrity of this image is possibly compromised.
Continuing with fingers crossed.
CORRUPTION WARNING in SBCL pid 37046:
Memory fault at (nil) (pc=0x100018530c)
The integrity of this image is possibly compromised.
Continuing with fingers crossed.
CORRUPTION WARNING in SBCL pid 37046:
Memory fault at (nil) (pc=0x100018530c)
The integrity of this image is possibly compromised.
Continuing with fingers crossed.
CORRUPTION WARNING in SBCL pid 37046:
Memory fault at (nil) (pc=0x100018530c)
The integrity of this image is possibly compromised.
Continuing with fingers crossed.
CORRUPTION WARNING in SBCL pid 37046:
Memory fault at (nil) (pc=0x100018530c)
The integrity of this image is possibly compromised.
Continuing with fingers crossed.
CORRUPTION WARNING in SBCL pid 37046:
Memory fault at (nil) (pc=0x100018530c)
The integrity of this image is possibly compromised.
Continuing with fingers crossed.
CORRUPTION WARNING in SBCL pid 37046:
Memory fault at (nil) (pc=0x100018530c)
The integrity of this image is possibly compromised.
Continuing with fingers crossed.
CORRUPTION WARNING in SBCL pid 37046:
Memory fault at (nil) (pc=0x100018530c)
The integrity of this image is possibly compromised.
Continuing with fingers crossed.
CORRUPTION WARNING in SBCL pid 37046:
Memory fault at (nil) (pc=0x100018530c)
The integrity of this image is possibly compromised.
Continuing with fingers crossed.
CORRUPTION WARNING in SBCL pid 37046:
Memory fault at (nil) (pc=0x100018530c)
The integrity of this image is possibly compromised.
Continuing with fingers crossed.
CORRUPTION WARNING in SBCL pid 37046:
Memory fault at (nil) (pc=0x100018530c)
The integrity of this image is possibly compromised.
Continuing with fingers crossed.
CORRUPTION WARNING in SBCL pid 37046:
Memory fault at (nil) (pc=0x100018530c)
The integrity of this image is possibly compromised.
Continuing with fingers crossed.
CORRUPTION WARNING in SBCL pid 37046:
Memory fault at (nil) (pc=0x100018530c)
The integrity of this image is possibly compromised.
Continuing with fingers crossed.
CORRUPTION WARNING in SBCL pid 37046:
Memory fault at (nil) (pc=0x100018530c)
The integrity of this image is possibly compromised.
Continuing with fingers crossed.
CORRUPTION WARNING in SBCL pid 37046:
Memory fault at (nil) (pc=0x100018530c)
The integrity of this image is possibly compromised.
Continuing with fingers crossed.
CORRUPTION WARNING in SBCL pid 37046:
Memory fault at (nil) (pc=0x100018530c)
The integrity of this image is possibly compromised.
Continuing with fingers crossed.
CORRUPTION WARNING in SBCL pid 37046:
Memory fault at (nil) (pc=0x100018530c)
The integrity of this image is possibly compromised.
Continuing with fingers crossed.
CORRUPTION WARNING in SBCL pid 37046:
Memory fault at (nil) (pc=0x100018530c)
The integrity of this image is possibly compromised.
Continuing with fingers crossed.
CORRUPTION WARNING in SBCL pid 37046:
Memory fault at (nil) (pc=0x100018530c)
The integrity of this image is possibly compromised.
Continuing with fingers crossed.
CORRUPTION WARNING in SBCL pid 37046:
Memory fault at (nil) (pc=0x100018530c)
The integrity of this image is possibly compromised.
Continuing with fingers crossed.
CORRUPTION WARNING in SBCL pid 37046:
Memory fault at (nil) (pc=0x100018530c)
The integrity of this image is possibly compromised.
Continuing with fingers crossed.
CORRUPTION WARNING in SBCL pid 37046:
Memory fault at (nil) (pc=0x100018530c)
The integrity of this image is possibly compromised.
Continuing with fingers crossed.
CORRUPTION WARNING in SBCL pid 37046:
Memory fault at (nil) (pc=0x100018530c)
The integrity of this image is possibly compromised.
Continuing with fingers crossed.
CORRUPTION WARNING in SBCL pid 37046:
Memory fault at (nil) (pc=0x100018530c)
The integrity of this image is possibly compromised.
Continuing with fingers crossed.
CORRUPTION WARNING in SBCL pid 37046:
Memory fault at (nil) (pc=0x100018530c)
The integrity of this image is possibly compromised.
Continuing with fingers crossed.
CORRUPTION WARNING in SBCL pid 37046:
Memory fault at (nil) (pc=0x100018530c)
The integrity of this image is possibly compromised.
Continuing with fingers crossed.
CORRUPTION WARNING in SBCL pid 37046:
Memory fault at (nil) (pc=0x100018530c)
The integrity of this image is possibly compromised.
Continuing with fingers crossed.
CORRUPTION WARNING in SBCL pid 37046:
Memory fault at (nil) (pc=0x100018530c)
The integrity of this image is possibly compromised.
Continuing with fingers crossed.
CORRUPTION WARNING in SBCL pid 37046:
Memory fault at (nil) (pc=0x100018530c)
The integrity of this image is possibly compromised.
Continuing with fingers crossed.
CORRUPTION WARNING in SBCL pid 37046:
Memory fault at (nil) (pc=0x100018530c)
The integrity of this image is possibly compromised.
Continuing with fingers crossed.
CORRUPTION WARNING in SBCL pid 37046:
Memory fault at (nil) (pc=0x100018530c)
The integrity of this image is possibly compromised.
Continuing with fingers crossed.
CORRUPTION WARNING in SBCL pid 37046:
Memory fault at (nil) (pc=0x100018530c)
The integrity of this image is possibly compromised.
Continuing with fingers crossed.
CORRUPTION WARNING in SBCL pid 37046:
Memory fault at (nil) (pc=0x100018530c)
The integrity of this image is possibly compromised.
Continuing with fingers crossed.
CORRUPTION WARNING in SBCL pid 37046:
Memory fault at (nil) (pc=0x100018530c)
The integrity of this image is possibly compromised.
Continuing with fingers crossed.
CORRUPTION WARNING in SBCL pid 37046:
Memory fault at (nil) (pc=0x100018530c)
The integrity of this image is possibly compromised.
Continuing with fingers crossed.
CORRUPTION WARNING in SBCL pid 37046:
Memory fault at (nil) (pc=0x100018530c)
The integrity of this image is possibly compromised.
Continuing with fingers crossed.
CORRUPTION WARNING in SBCL pid 37046:
Memory fault at (nil) (pc=0x100018530c)
The integrity of this image is possibly compromised.
Continuing with fingers crossed.
CORRUPTION WARNING in SBCL pid 37046:
Memory fault at (nil) (pc=0x100018530c)
The integrity of this image is possibly compromised.
Continuing with fingers crossed.
CORRUPTION WARNING in SBCL pid 37046:
Memory fault at (nil) (pc=0x100018530c)
The integrity of this image is possibly compromised.
Continuing with fingers crossed.
CORRUPTION WARNING in SBCL pid 37046:
Memory fault at (nil) (pc=0x100018530c)
The integrity of this image is possibly compromised.
Continuing with fingers crossed.
CORRUPTION WARNING in SBCL pid 37046:
Memory fault at (nil) (pc=0x100018530c)
The integrity of this image is possibly compromised.
Continuing with fingers crossed.
CORRUPTION WARNING in SBCL pid 37046:
Memory fault at (nil) (pc=0x100018530c)
The integrity of this image is possibly compromised.
Continuing with fingers crossed.
CORRUPTION WARNING in SBCL pid 37046:
Memory fault at (nil) (pc=0x100018530c)
The integrity of this image is possibly compromised.
Continuing with fingers crossed.
CORRUPTION WARNING in SBCL pid 37046:
Memory fault at (nil) (pc=0x100018530c)
The integrity of this image is possibly compromised.
Continuing with fingers crossed.
CORRUPTION WARNING in SBCL pid 37046:
Memory fault at (nil) (pc=0x100018530c)
The integrity of this image is possibly compromised.
Continuing with fingers crossed.
CORRUPTION WARNING in SBCL pid 37046:
Memory fault at (nil) (pc=0x100018530c)
The integrity of this image is possibly compromised.
Continuing with fingers crossed.
CORRUPTION WARNING in SBCL pid 37046:
Memory fault at (nil) (pc=0x100018530c)
The integrity of this image is possibly compromised.
Continuing with fingers crossed.
CORRUPTION WARNING in SBCL pid 37046:
Memory fault at (nil) (pc=0x100018530c)
The integrity of this image is possibly compromised.
Continuing with fingers crossed.
CORRUPTION WARNING in SBCL pid 37046:
Memory fault at (nil) (pc=0x100018530c)
The integrity of this image is possibly compromised.
Continuing with fingers crossed.
CORRUPTION WARNING in SBCL pid 37046:
Memory fault at (nil) (pc=0x100018530c)
The integrity of this image is possibly compromised.
Continuing with fingers crossed.
CORRUPTION WARNING in SBCL pid 37046:
Memory fault at (nil) (pc=0x100018530c)
The integrity of this image is possibly compromised.
Continuing with fingers crossed.
CORRUPTION WARNING in SBCL pid 37046:
Memory fault at (nil) (pc=0x100018530c)
The integrity of this image is possibly compromised.
Continuing with fingers crossed.
CORRUPTION WARNING in SBCL pid 37046:
Memory fault at (nil) (pc=0x100018530c)
The integrity of this image is possibly compromised.
Continuing with fingers crossed.
CORRUPTION WARNING in SBCL pid 37046:
Memory fault at (nil) (pc=0x100018530c)
The integrity of this image is possibly compromised.
Continuing with fingers crossed.
CORRUPTION WARNING in SBCL pid 37046:
Memory fault at (nil) (pc=0x100018530c)
The integrity of this image is possibly compromised.
Continuing with fingers crossed.
CORRUPTION WARNING in SBCL pid 37046:
Memory fault at (nil) (pc=0x100018530c)
The integrity of this image is possibly compromised.
Continuing with fingers crossed.
CORRUPTION WARNING in SBCL pid 37046:
Memory fault at (nil) (pc=0x100018530c)
The integrity of this image is possibly compromised.
Continuing with fingers crossed.
CORRUPTION WARNING in SBCL pid 37046:
Memory fault at (nil) (pc=0x100018530c)
The integrity of this image is possibly compromised.
Continuing with fingers crossed.
CORRUPTION WARNING in SBCL pid 37046:
Memory fault at (nil) (pc=0x100018530c)
The integrity of this image is possibly compromised.
Continuing with fingers crossed.
CORRUPTION WARNING in SBCL pid 37046:
Memory fault at (nil) (pc=0x100018530c)
The integrity of this image is possibly compromised.
Continuing with fingers crossed.
CORRUPTION WARNING in SBCL pid 37046:
Memory fault at (nil) (pc=0x100018530c)
The integrity of this image is possibly compromised.
Continuing with fingers crossed.
CORRUPTION WARNING in SBCL pid 37046:
Memory fault at (nil) (pc=0x100018530c)
The integrity of this image is possibly compromised.
Continuing with fingers crossed.
CORRUPTION WARNING in SBCL pid 37046:
Memory fault at (nil) (pc=0x100018530c)
The integrity of this image is possibly compromised.
Continuing with fingers crossed.
CORRUPTION WARNING in SBCL pid 37046:
Memory fault at (nil) (pc=0x100018530c)
The integrity of this image is possibly compromised.
Continuing with fingers crossed.
CORRUPTION WARNING in SBCL pid 37046:
Memory fault at (nil) (pc=0x100018530c)
The integrity of this image is possibly compromised.
Continuing with fingers crossed.
CORRUPTION WARNING in SBCL pid 37046:
Memory fault at (nil) (pc=0x100018530c)
The integrity of this image is possibly compromised.
Continuing with fingers crossed.
CORRUPTION WARNING in SBCL pid 37046:
Memory fault at (nil) (pc=0x100018530c)
The integrity of this image is possibly compromised.
Continuing with fingers crossed.
CORRUPTION WARNING in SBCL pid 37046:
Memory fault at (nil) (pc=0x100018530c)
The integrity of this image is possibly compromised.
Continuing with fingers crossed.
CORRUPTION WARNING in SBCL pid 37046:
Memory fault at (nil) (pc=0x100018530c)
The integrity of this image is possibly compromised.
Continuing with fingers crossed.
CORRUPTION WARNING in SBCL pid 37046:
Memory fault at (nil) (pc=0x100018530c)
The integrity of this image is possibly compromised.
Continuing with fingers crossed.
CORRUPTION WARNING in SBCL pid 37046:
Memory fault at (nil) (pc=0x100018530c)
The integrity of this image is possibly compromised.
Continuing with fingers crossed.
CORRUPTION WARNING in SBCL pid 37046:
Memory fault at (nil) (pc=0x100018530c)
The integrity of this image is possibly compromised.
Continuing with fingers crossed.
CORRUPTION WARNING in SBCL pid 37046:
Memory fault at (nil) (pc=0x100018530c)
The integrity of this image is possibly compromised.
Continuing with fingers crossed.
CORRUPTION WARNING in SBCL pid 37046:
Memory fault at (nil) (pc=0x100018530c)
The integrity of this image is possibly compromised.
Continuing with fingers crossed.
CORRUPTION WARNING in SBCL pid 37046:
Memory fault at (nil) (pc=0x100018530c)
The integrity of this image is possibly compromised.
Continuing with fingers crossed.
CORRUPTION WARNING in SBCL pid 37046:
Memory fault at (nil) (pc=0x100018530c)
The integrity of this image is possibly compromised.
Continuing with fingers crossed.
CORRUPTION WARNING in SBCL pid 37046:
Memory fault at (nil) (pc=0x100018530c)
The integrity of this image is possibly compromised.
Continuing with fingers crossed.
CORRUPTION WARNING in SBCL pid 37046:
Memory fault at (nil) (pc=0x100018530c)
The integrity of this image is possibly compromised.
Continuing with fingers crossed.
CORRUPTION WARNING in SBCL pid 37046:
Memory fault at (nil) (pc=0x100018530c)
The integrity of this image is possibly compromised.
Continuing with fingers crossed.
CORRUPTION WARNING in SBCL pid 37046:
Memory fault at (nil) (pc=0x100018530c)
The integrity of this image is possibly compromised.
Continuing with fingers crossed.
CORRUPTION WARNING in SBCL pid 37046:
Memory fault at (nil) (pc=0x100018530c)
The integrity of this image is possibly compromised.
Continuing with fingers crossed.
CORRUPTION WARNING in SBCL pid 37046:
Memory fault at (nil) (pc=0x100018530c)
The integrity of this image is possibly compromised.
Continuing with fingers crossed.
CORRUPTION WARNING in SBCL pid 37046:
Memory fault at (nil) (pc=0x100018530c)
The integrity of this image is possibly compromised.
Continuing with fingers crossed.
CORRUPTION WARNING in SBCL pid 37046:
Memory fault at (nil) (pc=0x100018530c)
The integrity of this image is possibly compromised.
Continuing with fingers crossed.
CORRUPTION WARNING in SBCL pid 37046:
Memory fault at (nil) (pc=0x100018530c)
The integrity of this image is possibly compromised.
Continuing with fingers crossed.
CORRUPTION WARNING in SBCL pid 37046:
Memory fault at (nil) (pc=0x100018530c)
The integrity of this image is possibly compromised.
Continuing with fingers crossed.
CORRUPTION WARNING in SBCL pid 37046:
Memory fault at (nil) (pc=0x100018530c)
The integrity of this image is possibly compromised.
Continuing with fingers crossed.
CORRUPTION WARNING in SBCL pid 37046:
Memory fault at (nil) (pc=0x100018530c)
The integrity of this image is possibly compromised.
Continuing with fingers crossed.
CORRUPTION WARNING in SBCL pid 37046:
Memory fault at (nil) (pc=0x100018530c)
The integrity of this image is possibly compromised.
Continuing with fingers crossed.
CORRUPTION WARNING in SBCL pid 37046:
Memory fault at (nil) (pc=0x100018530c)
The integrity of this image is possibly compromised.
Continuing with fingers crossed.
CORRUPTION WARNING in SBCL pid 37046:
Memory fault at (nil) (pc=0x100018530c)
The integrity of this image is possibly compromised.
Continuing with fingers crossed.
CORRUPTION WARNING in SBCL pid 37046:
Memory fault at (nil) (pc=0x100018530c)
The integrity of this image is possibly compromised.
Continuing with fingers crossed.
CORRUPTION WARNING in SBCL pid 37046:
Memory fault at (nil) (pc=0x100018530c)
The integrity of this image is possibly compromised.
Continuing with fingers crossed.
CORRUPTION WARNING in SBCL pid 37046:
Memory fault at (nil) (pc=0x100018530c)
The integrity of this image is possibly compromised.
Continuing with fingers crossed.
CORRUPTION WARNING in SBCL pid 37046:
Memory fault at (nil) (pc=0x100018530c)
The integrity of this image is possibly compromised.
Continuing with fingers crossed.
CORRUPTION WARNING in SBCL pid 37046:
Memory fault at (nil) (pc=0x100018530c)
The integrity of this image is possibly compromised.
Continuing with fingers crossed.
CORRUPTION WARNING in SBCL pid 37046:
Memory fault at (nil) (pc=0x100018530c)
The integrity of this image is possibly compromised.
Continuing with fingers crossed.
CORRUPTION WARNING in SBCL pid 37046:
Memory fault at (nil) (pc=0x100018530c)
The integrity of this image is possibly compromised.
Continuing with fingers crossed.
CORRUPTION WARNING in SBCL pid 37046:
Memory fault at (nil) (pc=0x100018530c)
The integrity of this image is possibly compromised.
Continuing with fingers crossed.
CORRUPTION WARNING in SBCL pid 37046:
Memory fault at (nil) (pc=0x100018530c)
The integrity of this image is possibly compromised.
Continuing with fingers crossed.
CORRUPTION WARNING in SBCL pid 37046:
Memory fault at (nil) (pc=0x100018530c)
The integrity of this image is possibly compromised.
Continuing with fingers crossed.
CORRUPTION WARNING in SBCL pid 37046:
Memory fault at (nil) (pc=0x100018530c)
The integrity of this image is possibly compromised.
Continuing with fingers crossed.
CORRUPTION WARNING in SBCL pid 37046:
Memory fault at (nil) (pc=0x100018530c)
The integrity of this image is possibly compromised.
Continuing with fingers crossed.
CORRUPTION WARNING in SBCL pid 37046:
Memory fault at (nil) (pc=0x100018530c)
The integrity of this image is possibly compromised.
Continuing with fingers crossed.
CORRUPTION WARNING in SBCL pid 37046:
Memory fault at (nil) (pc=0x100018530c)
The integrity of this image is possibly compromised.
Continuing with fingers crossed.
CORRUPTION WARNING in SBCL pid 37046:
Memory fault at (nil) (pc=0x100018530c)
The integrity of this image is possibly compromised.
Continuing with fingers crossed.
CORRUPTION WARNING in SBCL pid 37046:
Memory fault at (nil) (pc=0x100018530c)
The integrity of this image is possibly compromised.
Continuing with fingers crossed.
CORRUPTION WARNING in SBCL pid 37046:
Memory fault at (nil) (pc=0x100018530c)
The integrity of this image is possibly compromised.
Continuing with fingers crossed.
CORRUPTION WARNING in SBCL pid 37046:
Memory fault at (nil) (pc=0x100018530c)
The integrity of this image is possibly compromised.
Continuing with fingers crossed.
CORRUPTION WARNING in SBCL pid 37046:
Memory fault at (nil) (pc=0x100018530c)
The integrity of this image is possibly compromised.
Continuing with fingers crossed.
CORRUPTION WARNING in SBCL pid 37046:
Memory fault at (nil) (pc=0x100018530c)
The integrity of this image is possibly compromised.
Continuing with fingers crossed.
CORRUPTION WARNING in SBCL pid 37046:
Memory fault at (nil) (pc=0x100018530c)
The integrity of this image is possibly compromised.
Continuing with fingers crossed.
CORRUPTION WARNING in SBCL pid 37046:
Memory fault at (nil) (pc=0x100018530c)
The integrity of this image is possibly compromised.
Continuing with fingers crossed.
CORRUPTION WARNING in SBCL pid 37046:
Memory fault at (nil) (pc=0x100018530c)
The integrity of this image is possibly compromised.
Continuing with fingers crossed.
CORRUPTION WARNING in SBCL pid 37046:
Memory fault at (nil) (pc=0x100018530c)
The integrity of this image is possibly compromised.
Continuing with fingers crossed.
CORRUPTION WARNING in SBCL pid 37046:
Memory fault at (nil) (pc=0x100018530c)
The integrity of this image is possibly compromised.
Continuing with fingers crossed.
CORRUPTION WARNING in SBCL pid 37046:
Memory fault at (nil) (pc=0x100018530c)
The integrity of this image is possibly compromised.
Continuing with fingers crossed.
CORRUPTION WARNING in SBCL pid 37046:
Memory fault at (nil) (pc=0x100018530c)
The integrity of this image is possibly compromised.
Continuing with fingers crossed.
CORRUPTION WARNING in SBCL pid 37046:
Memory fault at (nil) (pc=0x100018530c)
The integrity of this image is possibly compromised.
Continuing with fingers crossed.
CORRUPTION WARNING in SBCL pid 37046:
Memory fault at (nil) (pc=0x100018530c)
The integrity of this image is possibly compromised.
Continuing with fingers crossed.
CORRUPTION WARNING in SBCL pid 37046:
Memory fault at (nil) (pc=0x100018530c)
The integrity of this image is possibly compromised.
Continuing with fingers crossed.
CORRUPTION WARNING in SBCL pid 37046:
Memory fault at (nil) (pc=0x100018530c)
The integrity of this image is possibly compromised.
Continuing with fingers crossed.
CORRUPTION WARNING in SBCL pid 37046:
Memory fault at (nil) (pc=0x100018530c)
The integrity of this image is possibly compromised.
Continuing with fingers crossed.
CORRUPTION WARNING in SBCL pid 37046:
Memory fault at (nil) (pc=0x100018530c)
The integrity of this image is possibly compromised.
Continuing with fingers crossed.
CORRUPTION WARNING in SBCL pid 37046:
Memory fault at (nil) (pc=0x100018530c)
The integrity of this image is possibly compromised.
Continuing with fingers crossed.
CORRUPTION WARNING in SBCL pid 37046:
Memory fault at (nil) (pc=0x100018530c)
The integrity of this image is possibly compromised.
Continuing with fingers crossed.
CORRUPTION WARNING in SBCL pid 37046:
Memory fault at (nil) (pc=0x100018530c)
The integrity of this image is possibly compromised.
Continuing with fingers crossed.
CORRUPTION WARNING in SBCL pid 37046:
Memory fault at (nil) (pc=0x100018530c)
The integrity of this image is possibly compromised.
Continuing with fingers crossed.
CORRUPTION WARNING in SBCL pid 37046:
Memory fault at (nil) (pc=0x100018530c)
The integrity of this image is possibly compromised.
Continuing with fingers crossed.
CORRUPTION WARNING in SBCL pid 37046:
Memory fault at (nil) (pc=0x100018530c)
The integrity of this image is possibly compromised.
Continuing with fingers crossed.
CORRUPTION WARNING in SBCL pid 37046:
Memory fault at (nil) (pc=0x100018530c)
The integrity of this image is possibly compromised.
Continuing with fingers crossed.
CORRUPTION WARNING in SBCL pid 37046:
Memory fault at (nil) (pc=0x100018530c)
The integrity of this image is possibly compromised.
Continuing with fingers crossed.
CORRUPTION WARNING in SBCL pid 37046:
Memory fault at (nil) (pc=0x100018530c)
The integrity of this image is possibly compromised.
Continuing with fingers crossed.
CORRUPTION WARNING in SBCL pid 37046:
Memory fault at (nil) (pc=0x100018530c)
The integrity of this image is possibly compromised.
Continuing with fingers crossed.
CORRUPTION WARNING in SBCL pid 37046:
Memory fault at (nil) (pc=0x100018530c)
The integrity of this image is possibly compromised.
Continuing with fingers crossed.
CORRUPTION WARNING in SBCL pid 37046:
Memory fault at (nil) (pc=0x100018530c)
The integrity of this image is possibly compromised.
Continuing with fingers crossed.
CORRUPTION WARNING in SBCL pid 37046:
Memory fault at (nil) (pc=0x100018530c)
The integrity of this image is possibly compromised.
Continuing with fingers crossed.
CORRUPTION WARNING in SBCL pid 37046:
Memory fault at (nil) (pc=0x100018530c)
The integrity of this image is possibly compromised.
Continuing with fingers crossed.
CORRUPTION WARNING in SBCL pid 37046:
Memory fault at (nil) (pc=0x100018530c)
The integrity of this image is possibly compromised.
Continuing with fingers crossed.
CORRUPTION WARNING in SBCL pid 37046:
Memory fault at (nil) (pc=0x100018530c)
The integrity of this image is possibly compromised.
Continuing with fingers crossed.
CORRUPTION WARNING in SBCL pid 37046:
Memory fault at (nil) (pc=0x100018530c)
The integrity of this image is possibly compromised.
Continuing with fingers crossed.
CORRUPTION WARNING in SBCL pid 37046:
Memory fault at (nil) (pc=0x100018530c)
The integrity of this image is possibly compromised.
Continuing with fingers crossed.
CORRUPTION WARNING in SBCL pid 37046:
Memory fault at (nil) (pc=0x100018530c)
The integrity of this image is possibly compromised.
Continuing with fingers crossed.
CORRUPTION WARNING in SBCL pid 37046:
Memory fault at (nil) (pc=0x100018530c)
The integrity of this image is possibly compromised.
Continuing with fingers crossed.
CORRUPTION WARNING in SBCL pid 37046:
Memory fault at (nil) (pc=0x100018530c)
The integrity of this image is possibly compromised.
Continuing with fingers crossed.
CORRUPTION WARNING in SBCL pid 37046:
Memory fault at (nil) (pc=0x100018530c)
The integrity of this image is possibly compromised.
Continuing with fingers crossed.
CORRUPTION WARNING in SBCL pid 37046:
Memory fault at (nil) (pc=0x100018530c)
The integrity of this image is possibly compromised.
Continuing with fingers crossed.
CORRUPTION WARNING in SBCL pid 37046:
Memory fault at (nil) (pc=0x100018530c)
The integrity of this image is possibly compromised.
Continuing with fingers crossed.
CORRUPTION WARNING in SBCL pid 37046:
Memory fault at (nil) (pc=0x100018530c)
The integrity of this image is possibly compromised.
Continuing with fingers crossed.
CORRUPTION WARNING in SBCL pid 37046:
Memory fault at (nil) (pc=0x100018530c)
The integrity of this image is possibly compromised.
Continuing with fingers crossed.
CORRUPTION WARNING in SBCL pid 37046:
Memory fault at (nil) (pc=0x100018530c)
The integrity of this image is possibly compromised.
Continuing with fingers crossed.
CORRUPTION WARNING in SBCL pid 37046:
Memory fault at (nil) (pc=0x100018530c)
The integrity of this image is possibly compromised.
Continuing with fingers crossed.
CORRUPTION WARNING in SBCL pid 37046:
Memory fault at (nil) (pc=0x100018530c)
The integrity of this image is possibly compromised.
Continuing with fingers crossed.
CORRUPTION WARNING in SBCL pid 37046:
Memory fault at (nil) (pc=0x100018530c)
The integrity of this image is possibly compromised.
Continuing with fingers crossed.
CORRUPTION WARNING in SBCL pid 37046:
Memory fault at (nil) (pc=0x100018530c)
The integrity of this image is possibly compromised.
Continuing with fingers crossed.
CORRUPTION WARNING in SBCL pid 37046:
Memory fault at (nil) (pc=0x100018530c)
The integrity of this image is possibly compromised.
Continuing with fingers crossed.
CORRUPTION WARNING in SBCL pid 37046:
Memory fault at (nil) (pc=0x100018530c)
The integrity of this image is possibly compromised.
Continuing with fingers crossed.
CORRUPTION WARNING in SBCL pid 37046:
Memory fault at (nil) (pc=0x100018530c)
The integrity of this image is possibly compromised.
Continuing with fingers crossed.
CORRUPTION WARNING in SBCL pid 37046:
Memory fault at (nil) (pc=0x100018530c)
The integrity of this image is possibly compromised.
Continuing with fingers crossed.
CORRUPTION WARNING in SBCL pid 37046:
Memory fault at (nil) (pc=0x100018530c)
The integrity of this image is possibly compromised.
Continuing with fingers crossed.
CORRUPTION WARNING in SBCL pid 37046:
Memory fault at (nil) (pc=0x100018530c)
The integrity of this image is possibly compromised.
Continuing with fingers crossed.
CORRUPTION WARNING in SBCL pid 37046:
Memory fault at (nil) (pc=0x100018530c)
The integrity of this image is possibly compromised.
Continuing with fingers crossed.
CORRUPTION WARNING in SBCL pid 37046:
Memory fault at (nil) (pc=0x100018530c)
The integrity of this image is possibly compromised.
Continuing with fingers crossed.
CORRUPTION WARNING in SBCL pid 37046:
Memory fault at (nil) (pc=0x100018530c)
The integrity of this image is possibly compromised.
Continuing with fingers crossed.
CORRUPTION WARNING in SBCL pid 37046:
Memory fault at (nil) (pc=0x100018530c)
The integrity of this image is possibly compromised.
Continuing with fingers crossed.
CORRUPTION WARNING in SBCL pid 37046:
Memory fault at (nil) (pc=0x100018530c)
The integrity of this image is possibly compromised.
Continuing with fingers crossed.
CORRUPTION WARNING in SBCL pid 37046:
Memory fault at (nil) (pc=0x100018530c)
The integrity of this image is possibly compromised.
Continuing with fingers crossed.
CORRUPTION WARNING in SBCL pid 37046:
Memory fault at (nil) (pc=0x100018530c)
The integrity of this image is possibly compromised.
Continuing with fingers crossed.
CORRUPTION WARNING in SBCL pid 37046:
Memory fault at (nil) (pc=0x100018530c)
The integrity of this image is possibly compromised.
Continuing with fingers crossed.
CORRUPTION WARNING in SBCL pid 37046:
Memory fault at (nil) (pc=0x100018530c)
The integrity of this image is possibly compromised.
Continuing with fingers crossed.
CORRUPTION WARNING in SBCL pid 37046:
Memory fault at (nil) (pc=0x100018530c)
The integrity of this image is possibly compromised.
Continuing with fingers crossed.
CORRUPTION WARNING in SBCL pid 37046:
Memory fault at (nil) (pc=0x100018530c)
The integrity of this image is possibly compromised.
Continuing with fingers crossed.
CORRUPTION WARNING in SBCL pid 37046:
Memory fault at (nil) (pc=0x100018530c)
The integrity of this image is possibly compromised.
Continuing with fingers crossed.
CORRUPTION WARNING in SBCL pid 37046:
Memory fault at (nil) (pc=0x100018530c)
The integrity of this image is possibly compromised.
Continuing with fingers crossed.
CORRUPTION WARNING in SBCL pid 37046:
Memory fault at (nil) (pc=0x100018530c)
The integrity of this image is possibly compromised.
Continuing with fingers crossed.
CORRUPTION WARNING in SBCL pid 37046:
Memory fault at (nil) (pc=0x100018530c)
The integrity of this image is possibly compromised.
Continuing with fingers crossed.
CORRUPTION WARNING in SBCL pid 37046:
Memory fault at (nil) (pc=0x100018530c)
The integrity of this image is possibly compromised.
Continuing with fingers crossed.
CORRUPTION WARNING in SBCL pid 37046:
Memory fault at (nil) (pc=0x100018530c)
The integrity of this image is possibly compromised.
Continuing with fingers crossed.
CORRUPTION WARNING in SBCL pid 37046:
Memory fault at (nil) (pc=0x100018530c)
The integrity of this image is possibly compromised.
Continuing with fingers crossed.
CORRUPTION WARNING in SBCL pid 37046:
Memory fault at (nil) (pc=0x100018530c)
The integrity of this image is possibly compromised.
Continuing with fingers crossed.
CORRUPTION WARNING in SBCL pid 37046:
Memory fault at (nil) (pc=0x100018530c)
The integrity of this image is possibly compromised.
Continuing with fingers crossed.
CORRUPTION WARNING in SBCL pid 37046:
Memory fault at (nil) (pc=0x100018530c)
The integrity of this image is possibly compromised.
Continuing with fingers crossed.
CORRUPTION WARNING in SBCL pid 37046:
Memory fault at (nil) (pc=0x100018530c)
The integrity of this image is possibly compromised.
Continuing with fingers crossed.
CORRUPTION WARNING in SBCL pid 37046:
Memory fault at (nil) (pc=0x100018530c)
The integrity of this image is possibly compromised.
Continuing with fingers crossed.
CORRUPTION WARNING in SBCL pid 37046:
Memory fault at (nil) (pc=0x100018530c)
The integrity of this image is possibly compromised.
Continuing with fingers crossed.
CORRUPTION WARNING in SBCL pid 37046:
Memory fault at (nil) (pc=0x100018530c)
The integrity of this image is possibly compromised.
Continuing with fingers crossed.
CORRUPTION WARNING in SBCL pid 37046:
Memory fault at (nil) (pc=0x100018530c)
The integrity of this image is possibly compromised.
Continuing with fingers crossed.
CORRUPTION WARNING in SBCL pid 37046:
Memory fault at (nil) (pc=0x100018530c)
The integrity of this image is possibly compromised.
Continuing with fingers crossed.
CORRUPTION WARNING in SBCL pid 37046:
Memory fault at (nil) (pc=0x100018530c)
The integrity of this image is possibly compromised.
Continuing with fingers crossed.
CORRUPTION WARNING in SBCL pid 37046:
Memory fault at (nil) (pc=0x100018530c)
The integrity of this image is possibly compromised.
Continuing with fingers crossed.
CORRUPTION WARNING in SBCL pid 37046:
Memory fault at (nil) (pc=0x100018530c)
The integrity of this image is possibly compromised.
Continuing with fingers crossed.
CORRUPTION WARNING in SBCL pid 37046:
Memory fault at (nil) (pc=0x100018530c)
The integrity of this image is possibly compromised.
Continuing with fingers crossed.
CORRUPTION WARNING in SBCL pid 37046:
Memory fault at (nil) (pc=0x100018530c)
The integrity of this image is possibly compromised.
Continuing with fingers crossed.
CORRUPTION WARNING in SBCL pid 37046:
Memory fault at (nil) (pc=0x100018530c)
The integrity of this image is possibly compromised.
Continuing with fingers crossed.
CORRUPTION WARNING in SBCL pid 37046:
Memory fault at (nil) (pc=0x100018530c)
The integrity of this image is possibly compromised.
Continuing with fingers crossed.
CORRUPTION WARNING in SBCL pid 37046:
Memory fault at (nil) (pc=0x100018530c)
The integrity of this image is possibly compromised.
Continuing with fingers crossed.
CORRUPTION WARNING in SBCL pid 37046:
Memory fault at (nil) (pc=0x100018530c)
The integrity of this image is possibly compromised.
Continuing with fingers crossed.
CORRUPTION WARNING in SBCL pid 37046:
Memory fault at (nil) (pc=0x100018530c)
The integrity of this image is possibly compromised.
Continuing with fingers crossed.
CORRUPTION WARNING in SBCL pid 37046:
Memory fault at (nil) (pc=0x100018530c)
The integrity of this image is possibly compromised.
Continuing with fingers crossed.
CORRUPTION WARNING in SBCL pid 37046:
Memory fault at (nil) (pc=0x100018530c)
The integrity of this image is possibly compromised.
Continuing with fingers crossed.
CORRUPTION WARNING in SBCL pid 37046:
Memory fault at (nil) (pc=0x100018530c)
The integrity of this image is possibly compromised.
Continuing with fingers crossed.
CORRUPTION WARNING in SBCL pid 37046:
Memory fault at (nil) (pc=0x100018530c)
The integrity of this image is possibly compromised.
Continuing with fingers crossed.
CORRUPTION WARNING in SBCL pid 37046:
Memory fault at (nil) (pc=0x100018530c)
The integrity of this image is possibly compromised.
Continuing with fingers crossed.
CORRUPTION WARNING in SBCL pid 37046:
Memory fault at (nil) (pc=0x100018530c)
The integrity of this image is possibly compromised.
Continuing with fingers crossed.
CORRUPTION WARNING in SBCL pid 37046:
Memory fault at (nil) (pc=0x100018530c)
The integrity of this image is possibly compromised.
Continuing with fingers crossed.
CORRUPTION WARNING in SBCL pid 37046:
Memory fault at (nil) (pc=0x100018530c)
The integrity of this image is possibly compromised.
Continuing with fingers crossed.
CORRUPTION WARNING in SBCL pid 37046:
Memory fault at (nil) (pc=0x100018530c)
The integrity of this image is possibly compromised.
Continuing with fingers crossed.
CORRUPTION WARNING in SBCL pid 37046:
Memory fault at (nil) (pc=0x100018530c)
The integrity of this image is possibly compromised.
Continuing with fingers crossed.
CORRUPTION WARNING in SBCL pid 37046:
Memory fault at (nil) (pc=0x100018530c)
The integrity of this image is possibly compromised.
Continuing with fingers crossed.
CORRUPTION WARNING in SBCL pid 37046:
Memory fault at (nil) (pc=0x100018530c)
The integrity of this image is possibly compromised.
Continuing with fingers crossed.
CORRUPTION WARNING in SBCL pid 37046:
Memory fault at (nil) (pc=0x100018530c)
The integrity of this image is possibly compromised.
Continuing with fingers crossed.
CORRUPTION WARNING in SBCL pid 37046:
Memory fault at (nil) (pc=0x100018530c)
The integrity of this image is possibly compromised.
Continuing with fingers crossed.
CORRUPTION WARNING in SBCL pid 37046:
Memory fault at (nil) (pc=0x100018530c)
The integrity of this image is possibly compromised.
Continuing with fingers crossed.
CORRUPTION WARNING in SBCL pid 37046:
Memory fault at (nil) (pc=0x100018530c)
The integrity of this image is possibly compromised.
Continuing with fingers crossed.
CORRUPTION WARNING in SBCL pid 37046:
Memory fault at (nil) (pc=0x100018530c)
The integrity of this image is possibly compromised.
Continuing with fingers crossed.
CORRUPTION WARNING in SBCL pid 37046:
Memory fault at (nil) (pc=0x100018530c)
The integrity of this image is possibly compromised.
Continuing with fingers crossed.
CORRUPTION WARNING in SBCL pid 37046:
Memory fault at (nil) (pc=0x100018530c)
The integrity of this image is possibly compromised.
Continuing with fingers crossed.
CORRUPTION WARNING in SBCL pid 37046:
Memory fault at (nil) (pc=0x100018530c)
The integrity of this image is possibly compromised.
Continuing with fingers crossed.
CORRUPTION WARNING in SBCL pid 37046:
Memory fault at (nil) (pc=0x100018530c)
The integrity of this image is possibly compromised.
Continuing with fingers crossed.
CORRUPTION WARNING in SBCL pid 37046:
Memory fault at (nil) (pc=0x100018530c)
The integrity of this image is possibly compromised.
Continuing with fingers crossed.
CORRUPTION WARNING in SBCL pid 37046:
Memory fault at (nil) (pc=0x100018530c)
The integrity of this image is possibly compromised.
Continuing with fingers crossed.
CORRUPTION WARNING in SBCL pid 37046:
Memory fault at (nil) (pc=0x100018530c)
The integrity of this image is possibly compromised.
Continuing with fingers crossed.
CORRUPTION WARNING in SBCL pid 37046:
Memory fault at (nil) (pc=0x100018530c)
The integrity of this image is possibly compromised.
Continuing with fingers crossed.
CORRUPTION WARNING in SBCL pid 37046:
Memory fault at (nil) (pc=0x100018530c)
The integrity of this image is possibly compromised.
Continuing with fingers crossed.
CORRUPTION WARNING in SBCL pid 37046:
Memory fault at (nil) (pc=0x100018530c)
The integrity of this image is possibly compromised.
Continuing with fingers crossed.
CORRUPTION WARNING in SBCL pid 37046:
Memory fault at (nil) (pc=0x100018530c)
The integrity of this image is possibly compromised.
Continuing with fingers crossed.
CORRUPTION WARNING in SBCL pid 37046:
Memory fault at (nil) (pc=0x100018530c)
The integrity of this image is possibly compromised.
Continuing with fingers crossed.
CORRUPTION WARNING in SBCL pid 37046:
Memory fault at (nil) (pc=0x100018530c)
The integrity of this image is possibly compromised.
Continuing with fingers crossed.
CORRUPTION WARNING in SBCL pid 37046:
Memory fault at (nil) (pc=0x100018530c)
The integrity of this image is possibly compromised.
Continuing with fingers crossed.
CORRUPTION WARNING in SBCL pid 37046:
Memory fault at (nil) (pc=0x100018530c)
The integrity of this image is possibly compromised.
Continuing with fingers crossed.
CORRUPTION WARNING in SBCL pid 37046:
Memory fault at (nil) (pc=0x100018530c)
The integrity of this image is possibly compromised.
Continuing with fingers crossed.
CORRUPTION WARNING in SBCL pid 37046:
Memory fault at (nil) (pc=0x100018530c)
The integrity of this image is possibly compromised.
Continuing with fingers crossed.
CORRUPTION WARNING in SBCL pid 37046:
Memory fault at (nil) (pc=0x100018530c)
The integrity of this image is possibly compromised.
Continuing with fingers crossed.
CORRUPTION WARNING in SBCL pid 37046:
Memory fault at (nil) (pc=0x100018530c)
The integrity of this image is possibly compromised.
Continuing with fingers crossed.
CORRUPTION WARNING in SBCL pid 37046:
Memory fault at (nil) (pc=0x100018530c)
The integrity of this image is possibly compromised.
Continuing with fingers crossed.
CORRUPTION WARNING in SBCL pid 37046:
Memory fault at (nil) (pc=0x100018530c)
The integrity of this image is possibly compromised.
Continuing with fingers crossed.
CORRUPTION WARNING in SBCL pid 37046:
Memory fault at (nil) (pc=0x100018530c)
The integrity of this image is possibly compromised.
Continuing with fingers crossed.
CORRUPTION WARNING in SBCL pid 37046:
Memory fault at (nil) (pc=0x100018530c)
The integrity of this image is possibly compromised.
Continuing with fingers crossed.
CORRUPTION WARNING in SBCL pid 37046:
Memory fault at (nil) (pc=0x100018530c)
The integrity of this image is possibly compromised.
Continuing with fingers crossed.
CORRUPTION WARNING in SBCL pid 37046:
Memory fault at (nil) (pc=0x100018530c)
The integrity of this image is possibly compromised.
Continuing with fingers crossed.
CORRUPTION WARNING in SBCL pid 37046:
Memory fault at (nil) (pc=0x100018530c)
The integrity of this image is possibly compromised.
Continuing with fingers crossed.
CORRUPTION WARNING in SBCL pid 37046:
Memory fault at (nil) (pc=0x100018530c)
The integrity of this image is possibly compromised.
Continuing with fingers crossed.
CORRUPTION WARNING in SBCL pid 37046:
Memory fault at (nil) (pc=0x100018530c)
The integrity of this image is possibly compromised.
Continuing with fingers crossed.
CORRUPTION WARNING in SBCL pid 37046:
Memory fault at (nil) (pc=0x100018530c)
The integrity of this image is possibly compromised.
Continuing with fingers crossed.
CORRUPTION WARNING in SBCL pid 37046:
Memory fault at (nil) (pc=0x100018530c)
The integrity of this image is possibly compromised.
Continuing with fingers crossed.
CORRUPTION WARNING in SBCL pid 37046:
Memory fault at (nil) (pc=0x100018530c)
The integrity of this image is possibly compromised.
Continuing with fingers crossed.
CORRUPTION WARNING in SBCL pid 37046:
Memory fault at (nil) (pc=0x100018530c)
The integrity of this image is possibly compromised.
Continuing with fingers crossed.
CORRUPTION WARNING in SBCL pid 37046:
Memory fault at (nil) (pc=0x100018530c)
The integrity of this image is possibly compromised.
Continuing with fingers crossed.
CORRUPTION WARNING in SBCL pid 37046:
Memory fault at (nil) (pc=0x100018530c)
The integrity of this image is possibly compromised.
Continuing with fingers crossed.
CORRUPTION WARNING in SBCL pid 37046:
Memory fault at (nil) (pc=0x100018530c)
The integrity of this image is possibly compromised.
Continuing with fingers crossed.
CORRUPTION WARNING in SBCL pid 37046:
Memory fault at (nil) (pc=0x100018530c)
The integrity of this image is possibly compromised.
Continuing with fingers crossed.
CORRUPTION WARNING in SBCL pid 37046:
Memory fault at (nil) (pc=0x100018530c)
The integrity of this image is possibly compromised.
Continuing with fingers crossed.
CORRUPTION WARNING in SBCL pid 37046:
Memory fault at (nil) (pc=0x100018530c)
The integrity of this image is possibly compromised.
Continuing with fingers crossed.
CORRUPTION WARNING in SBCL pid 37046:
Memory fault at (nil) (pc=0x100018530c)
The integrity of this image is possibly compromised.
Continuing with fingers crossed.
CORRUPTION WARNING in SBCL pid 37046:
Memory fault at (nil) (pc=0x100018530c)
The integrity of this image is possibly compromised.
Continuing with fingers crossed.
CORRUPTION WARNING in SBCL pid 37046:
Memory fault at (nil) (pc=0x100018530c)
The integrity of this image is possibly compromised.
Continuing with fingers crossed.
CORRUPTION WARNING in SBCL pid 37046:
Memory fault at (nil) (pc=0x100018530c)
The integrity of this image is possibly compromised.
Continuing with fingers crossed.
CORRUPTION WARNING in SBCL pid 37046:
Memory fault at (nil) (pc=0x100018530c)
The integrity of this image is possibly compromised.
Continuing with fingers crossed.
CORRUPTION WARNING in SBCL pid 37046:
Memory fault at (nil) (pc=0x100018530c)
The integrity of this image is possibly compromised.
Continuing with fingers crossed.
CORRUPTION WARNING in SBCL pid 37046:
Memory fault at (nil) (pc=0x100018530c)
The integrity of this image is possibly compromised.
Continuing with fingers crossed.
CORRUPTION WARNING in SBCL pid 37046:
Memory fault at (nil) (pc=0x100018530c)
The integrity of this image is possibly compromised.
Continuing with fingers crossed.
CORRUPTION WARNING in SBCL pid 37046:
Memory fault at (nil) (pc=0x100018530c)
The integrity of this image is possibly compromised.
Continuing with fingers crossed.
CORRUPTION WARNING in SBCL pid 37046:
Memory fault at (nil) (pc=0x100018530c)
The integrity of this image is possibly compromised.
Continuing with fingers crossed.
CORRUPTION WARNING in SBCL pid 37046:
Memory fault at (nil) (pc=0x100018530c)
The integrity of this image is possibly compromised.
Continuing with fingers crossed.
CORRUPTION WARNING in SBCL pid 37046:
Memory fault at (nil) (pc=0x100018530c)
The integrity of this image is possibly compromised.
Continuing with fingers crossed.
CORRUPTION WARNING in SBCL pid 37046:
Memory fault at (nil) (pc=0x100018530c)
The integrity of this image is possibly compromised.
Continuing with fingers crossed.
CORRUPTION WARNING in SBCL pid 37046:
Memory fault at (nil) (pc=0x100018530c)
The integrity of this image is possibly compromised.
Continuing with fingers crossed.
CORRUPTION WARNING in SBCL pid 37046:
Memory fault at (nil) (pc=0x100018530c)
The integrity of this image is possibly compromised.
Continuing with fingers crossed.
CORRUPTION WARNING in SBCL pid 37046:
Memory fault at (nil) (pc=0x100018530c)
The integrity of this image is possibly compromised.
Continuing with fingers crossed.
CORRUPTION WARNING in SBCL pid 37046:
Memory fault at (nil) (pc=0x100018530c)
The integrity of this image is possibly compromised.
Continuing with fingers crossed.
CORRUPTION WARNING in SBCL pid 37046:
Memory fault at (nil) (pc=0x100018530c)
The integrity of this image is possibly compromised.
Continuing with fingers crossed.
CORRUPTION WARNING in SBCL pid 37046:
Memory fault at (nil) (pc=0x100018530c)
The integrity of this image is possibly compromised.
Continuing with fingers crossed.
CORRUPTION WARNING in SBCL pid 37046:
Memory fault at (nil) (pc=0x100018530c)
The integrity of this image is possibly compromised.
Continuing with fingers crossed.
CORRUPTION WARNING in SBCL pid 37046:
Memory fault at (nil) (pc=0x100018530c)
The integrity of this image is possibly compromised.
Continuing with fingers crossed.
CORRUPTION WARNING in SBCL pid 37046:
Memory fault at (nil) (pc=0x100018530c)
The integrity of this image is possibly compromised.
Continuing with fingers crossed.
CORRUPTION WARNING in SBCL pid 37046:
Memory fault at (nil) (pc=0x100018530c)
The integrity of this image is possibly compromised.
Continuing with fingers crossed.
CORRUPTION WARNING in SBCL pid 37046:
Memory fault at (nil) (pc=0x100018530c)
The integrity of this image is possibly compromised.
Continuing with fingers crossed.
CORRUPTION WARNING in SBCL pid 37046:
Memory fault at (nil) (pc=0x100018530c)
The integrity of this image is possibly compromised.
Continuing with fingers crossed.
CORRUPTION WARNING in SBCL pid 37046:
Memory fault at (nil) (pc=0x100018530c)
The integrity of this image is possibly compromised.
Continuing with fingers crossed.
CORRUPTION WARNING in SBCL pid 37046:
Memory fault at (nil) (pc=0x100018530c)
The integrity of this image is possibly compromised.
Continuing with fingers crossed.
CORRUPTION WARNING in SBCL pid 37046:
Memory fault at (nil) (pc=0x100018530c)
The integrity of this image is possibly compromised.
Continuing with fingers crossed.
CORRUPTION WARNING in SBCL pid 37046:
Memory fault at (nil) (pc=0x100018530c)
The integrity of this image is possibly compromised.
Continuing with fingers crossed.
CORRUPTION WARNING in SBCL pid 37046:
Memory fault at (nil) (pc=0x100018530c)
The integrity of this image is possibly compromised.
Continuing with fingers crossed.
CORRUPTION WARNING in SBCL pid 37046:
Memory fault at (nil) (pc=0x100018530c)
The integrity of this image is possibly compromised.
Continuing with fingers crossed.
CORRUPTION WARNING in SBCL pid 37046:
Memory fault at (nil) (pc=0x100018530c)
The integrity of this image is possibly compromised.
Continuing with fingers crossed.
CORRUPTION WARNING in SBCL pid 37046:
Memory fault at (nil) (pc=0x100018530c)
The integrity of this image is possibly compromised.
Continuing with fingers crossed.
CORRUPTION WARNING in SBCL pid 37046:
Memory fault at (nil) (pc=0x100018530c)
The integrity of this image is possibly compromised.
Continuing with fingers crossed.
CORRUPTION WARNING in SBCL pid 37046:
Memory fault at (nil) (pc=0x100018530c)
The integrity of this image is possibly compromised.
Continuing with fingers crossed.
CORRUPTION WARNING in SBCL pid 37046:
Memory fault at (nil) (pc=0x100018530c)
The integrity of this image is possibly compromised.
Continuing with fingers crossed.
CORRUPTION WARNING in SBCL pid 37046:
Memory fault at (nil) (pc=0x100018530c)
The integrity of this image is possibly compromised.
Continuing with fingers crossed.
CORRUPTION WARNING in SBCL pid 37046:
Memory fault at (nil) (pc=0x100018530c)
The integrity of this image is possibly compromised.
Continuing with fingers crossed.
CORRUPTION WARNING in SBCL pid 37046:
Memory fault at (nil) (pc=0x100018530c)
The integrity of this image is possibly compromised.
Continuing with fingers crossed.
CORRUPTION WARNING in SBCL pid 37046:
Memory fault at (nil) (pc=0x100018530c)
The integrity of this image is possibly compromised.
Continuing with fingers crossed.
CORRUPTION WARNING in SBCL pid 37046:
Memory fault at (nil) (pc=0x100018530c)
The integrity of this image is possibly compromised.
Continuing with fingers crossed.
CORRUPTION WARNING in SBCL pid 37046:
Memory fault at (nil) (pc=0x100018530c)
The integrity of this image is possibly compromised.
Continuing with fingers crossed.
CORRUPTION WARNING in SBCL pid 37046:
Memory fault at (nil) (pc=0x100018530c)
The integrity of this image is possibly compromised.
Continuing with fingers crossed.
CORRUPTION WARNING in SBCL pid 37046:
Memory fault at (nil) (pc=0x100018530c)
The integrity of this image is possibly compromised.
Continuing with fingers crossed.
CORRUPTION WARNING in SBCL pid 37046:
Memory fault at (nil) (pc=0x100018530c)
The integrity of this image is possibly compromised.
Continuing with fingers crossed.
CORRUPTION WARNING in SBCL pid 37046:
Memory fault at (nil) (pc=0x100018530c)
The integrity of this image is possibly compromised.
Continuing with fingers crossed.
CORRUPTION WARNING in SBCL pid 37046:
Memory fault at (nil) (pc=0x100018530c)
The integrity of this image is possibly compromised.
Continuing with fingers crossed.
CORRUPTION WARNING in SBCL pid 37046:
Memory fault at (nil) (pc=0x100018530c)
The integrity of this image is possibly compromised.
Continuing with fingers crossed.
CORRUPTION WARNING in SBCL pid 37046:
Memory fault at (nil) (pc=0x100018530c)
The integrity of this image is possibly compromised.
Continuing with fingers crossed.
CORRUPTION WARNING in SBCL pid 37046:
Memory fault at (nil) (pc=0x100018530c)
The integrity of this image is possibly compromised.
Continuing with fingers crossed.
CORRUPTION WARNING in SBCL pid 37046:
Memory fault at (nil) (pc=0x100018530c)
The integrity of this image is possibly compromised.
Continuing with fingers crossed.
CORRUPTION WARNING in SBCL pid 37046:
Memory fault at (nil) (pc=0x100018530c)
The integrity of this image is possibly compromised.
Continuing with fingers crossed.
CORRUPTION WARNING in SBCL pid 37046:
Memory fault at (nil) (pc=0x100018530c)
The integrity of this image is possibly compromised.
Continuing with fingers crossed.
CORRUPTION WARNING in SBCL pid 37046:
Memory fault at (nil) (pc=0x100018530c)
The integrity of this image is possibly compromised.
Continuing with fingers crossed.
CORRUPTION WARNING in SBCL pid 37046:
Memory fault at (nil) (pc=0x100018530c)
The integrity of this image is possibly compromised.
Continuing with fingers crossed.
CORRUPTION WARNING in SBCL pid 37046:
Memory fault at (nil) (pc=0x100018530c)
The integrity of this image is possibly compromised.
Continuing with fingers crossed.
CORRUPTION WARNING in SBCL pid 37046:
Memory fault at (nil) (pc=0x100018530c)
The integrity of this image is possibly compromised.
Continuing with fingers crossed.
CORRUPTION WARNING in SBCL pid 37046:
Memory fault at (nil) (pc=0x100018530c)
The integrity of this image is possibly compromised.
Continuing with fingers crossed.
CORRUPTION WARNING in SBCL pid 37046:
Memory fault at (nil) (pc=0x100018530c)
The integrity of this image is possibly compromised.
Continuing with fingers crossed.
CORRUPTION WARNING in SBCL pid 37046:
Memory fault at (nil) (pc=0x100018530c)
The integrity of this image is possibly compromised.
Continuing with fingers crossed.
CORRUPTION WARNING in SBCL pid 37046:
Memory fault at (nil) (pc=0x100018530c)
The integrity of this image is possibly compromised.
Continuing with fingers crossed.
CORRUPTION WARNING in SBCL pid 37046:
Memory fault at (nil) (pc=0x100018530c)
The integrity of this image is possibly compromised.
Continuing with fingers crossed.
CORRUPTION WARNING in SBCL pid 37046:
Memory fault at (nil) (pc=0x100018530c)
The integrity of this image is possibly compromised.
Continuing with fingers crossed.
CORRUPTION WARNING in SBCL pid 37046:
Memory fault at (nil) (pc=0x100018530c)
The integrity of this image is possibly compromised.
Continuing with fingers crossed.
CORRUPTION WARNING in SBCL pid 37046:
Memory fault at (nil) (pc=0x100018530c)
The integrity of this image is possibly compromised.
Continuing with fingers crossed.
CORRUPTION WARNING in SBCL pid 37046:
Memory fault at (nil) (pc=0x100018530c)
The integrity of this image is possibly compromised.
Continuing with fingers crossed.
CORRUPTION WARNING in SBCL pid 37046:
Memory fault at (nil) (pc=0x100018530c)
The integrity of this image is possibly compromised.
Continuing with fingers crossed.
CORRUPTION WARNING in SBCL pid 37046:
Memory fault at (nil) (pc=0x100018530c)
The integrity of this image is possibly compromised.
Continuing with fingers crossed.
CORRUPTION WARNING in SBCL pid 37046:
Memory fault at (nil) (pc=0x100018530c)
The integrity of this image is possibly compromised.
Continuing with fingers crossed.
CORRUPTION WARNING in SBCL pid 37046:
Memory fault at (nil) (pc=0x100018530c)
The integrity of this image is possibly compromised.
Continuing with fingers crossed.
CORRUPTION WARNING in SBCL pid 37046:
Memory fault at (nil) (pc=0x100018530c)
The integrity of this image is possibly compromised.
Continuing with fingers crossed.
CORRUPTION WARNING in SBCL pid 37046:
Memory fault at (nil) (pc=0x100018530c)
The integrity of this image is possibly compromised.
Continuing with fingers crossed.
CORRUPTION WARNING in SBCL pid 37046:
Memory fault at (nil) (pc=0x100018530c)
The integrity of this image is possibly compromised.
Continuing with fingers crossed.
CORRUPTION WARNING in SBCL pid 37046:
Memory fault at (nil) (pc=0x100018530c)
The integrity of this image is possibly compromised.
Continuing with fingers crossed.
CORRUPTION WARNING in SBCL pid 37046:
Memory fault at (nil) (pc=0x100018530c)
The integrity of this image is possibly compromised.
Continuing with fingers crossed.
CORRUPTION WARNING in SBCL pid 37046:
Memory fault at (nil) (pc=0x100018530c)
The integrity of this image is possibly compromised.
Continuing with fingers crossed.
CORRUPTION WARNING in SBCL pid 37046:
Memory fault at (nil) (pc=0x100018530c)
The integrity of this image is possibly compromised.
Continuing with fingers crossed.
CORRUPTION WARNING in SBCL pid 37046:
Memory fault at (nil) (pc=0x100018530c)
The integrity of this image is possibly compromised.
Continuing with fingers crossed.
CORRUPTION WARNING in SBCL pid 37046:
Memory fault at (nil) (pc=0x100018530c)
The integrity of this image is possibly compromised.
Continuing with fingers crossed.
CORRUPTION WARNING in SBCL pid 37046:
Memory fault at (nil) (pc=0x100018530c)
The integrity of this image is possibly compromised.
Continuing with fingers crossed.
CORRUPTION WARNING in SBCL pid 37046:
Memory fault at (nil) (pc=0x100018530c)
The integrity of this image is possibly compromised.
Continuing with fingers crossed.
CORRUPTION WARNING in SBCL pid 37046:
Memory fault at (nil) (pc=0x100018530c)
The integrity of this image is possibly compromised.
Continuing with fingers crossed.
CORRUPTION WARNING in SBCL pid 37046:
Memory fault at (nil) (pc=0x100018530c)
The integrity of this image is possibly compromised.
Continuing with fingers crossed.
CORRUPTION WARNING in SBCL pid 37046:
Memory fault at (nil) (pc=0x100018530c)
The integrity of this image is possibly compromised.
Continuing with fingers crossed.
CORRUPTION WARNING in SBCL pid 37046:
Memory fault at (nil) (pc=0x100018530c)
The integrity of this image is possibly compromised.
Continuing with fingers crossed.
CORRUPTION WARNING in SBCL pid 37046:
Memory fault at (nil) (pc=0x100018530c)
The integrity of this image is possibly compromised.
Continuing with fingers crossed.
CORRUPTION WARNING in SBCL pid 37046:
Memory fault at (nil) (pc=0x100018530c)
The integrity of this image is possibly compromised.
Continuing with fingers crossed.
CORRUPTION WARNING in SBCL pid 37046:
Memory fault at (nil) (pc=0x100018530c)
The integrity of this image is possibly compromised.
Continuing with fingers crossed.
CORRUPTION WARNING in SBCL pid 37046:
Memory fault at (nil) (pc=0x100018530c)
The integrity of this image is possibly compromised.
Continuing with fingers crossed.
CORRUPTION WARNING in SBCL pid 37046:
Memory fault at (nil) (pc=0x100018530c)
The integrity of this image is possibly compromised.
Continuing with fingers crossed.
CORRUPTION WARNING in SBCL pid 37046:
Memory fault at (nil) (pc=0x100018530c)
The integrity of this image is possibly compromised.
Continuing with fingers crossed.
CORRUPTION WARNING in SBCL pid 37046:
Memory fault at (nil) (pc=0x100018530c)
The integrity of this image is possibly compromised.
Continuing with fingers crossed.
CORRUPTION WARNING in SBCL pid 37046:
Memory fault at (nil) (pc=0x100018530c)
The integrity of this image is possibly compromised.
Continuing with fingers crossed.
CORRUPTION WARNING in SBCL pid 37046:
Memory fault at (nil) (pc=0x100018530c)
The integrity of this image is possibly compromised.
Continuing with fingers crossed.
CORRUPTION WARNING in SBCL pid 37046:
Memory fault at (nil) (pc=0x100018530c)
The integrity of this image is possibly compromised.
Continuing with fingers crossed.
CORRUPTION WARNING in SBCL pid 37046:
Memory fault at (nil) (pc=0x100018530c)
The integrity of this image is possibly compromised.
Continuing with fingers crossed.
CORRUPTION WARNING in SBCL pid 37046:
Memory fault at (nil) (pc=0x100018530c)
The integrity of this image is possibly compromised.
Continuing with fingers crossed.
CORRUPTION WARNING in SBCL pid 37046:
Memory fault at (nil) (pc=0x100018530c)
The integrity of this image is possibly compromised.
Continuing with fingers crossed.
CORRUPTION WARNING in SBCL pid 37046:
Memory fault at (nil) (pc=0x100018530c)
The integrity of this image is possibly compromised.
Continuing with fingers crossed.
CORRUPTION WARNING in SBCL pid 37046:
Memory fault at (nil) (pc=0x100018530c)
The integrity of this image is possibly compromised.
Continuing with fingers crossed.
CORRUPTION WARNING in SBCL pid 37046:
Memory fault at (nil) (pc=0x100018530c)
The integrity of this image is possibly compromised.
Continuing with fingers crossed.
CORRUPTION WARNING in SBCL pid 37046:
Memory fault at (nil) (pc=0x100018530c)
The integrity of this image is possibly compromised.
Continuing with fingers crossed.
CORRUPTION WARNING in SBCL pid 37046:
Memory fault at (nil) (pc=0x100018530c)
The integrity of this image is possibly compromised.
Continuing with fingers crossed.
CORRUPTION WARNING in SBCL pid 37046:
Memory fault at (nil) (pc=0x100018530c)
The integrity of this image is possibly compromised.
Continuing with fingers crossed.
CORRUPTION WARNING in SBCL pid 37046:
Memory fault at (nil) (pc=0x100018530c)
The integrity of this image is possibly compromised.
Continuing with fingers crossed.
CORRUPTION WARNING in SBCL pid 37046:
Memory fault at (nil) (pc=0x100018530c)
The integrity of this image is possibly compromised.
Continuing with fingers crossed.
CORRUPTION WARNING in SBCL pid 37046:
Memory fault at (nil) (pc=0x100018530c)
The integrity of this image is possibly compromised.
Continuing with fingers crossed.
CORRUPTION WARNING in SBCL pid 37046:
Memory fault at (nil) (pc=0x100018530c)
The integrity of this image is possibly compromised.
Continuing with fingers crossed.
CORRUPTION WARNING in SBCL pid 37046:
Memory fault at (nil) (pc=0x100018530c)
The integrity of this image is possibly compromised.
Continuing with fingers crossed.
CORRUPTION WARNING in SBCL pid 37046:
Memory fault at (nil) (pc=0x100018530c)
The integrity of this image is possibly compromised.
Continuing with fingers crossed.
CORRUPTION WARNING in SBCL pid 37046:
Memory fault at (nil) (pc=0x100018530c)
The integrity of this image is possibly compromised.
Continuing with fingers crossed.
CORRUPTION WARNING in SBCL pid 37046:
Memory fault at (nil) (pc=0x100018530c)
The integrity of this image is possibly compromised.
Continuing with fingers crossed.
CORRUPTION WARNING in SBCL pid 37046:
Memory fault at (nil) (pc=0x100018530c)
The integrity of this image is possibly compromised.
Continuing with fingers crossed.
CORRUPTION WARNING in SBCL pid 37046:
Memory fault at (nil) (pc=0x100018530c)
The integrity of this image is possibly compromised.
Continuing with fingers crossed.
CORRUPTION WARNING in SBCL pid 37046:
Memory fault at (nil) (pc=0x100018530c)
The integrity of this image is possibly compromised.
Continuing with fingers crossed.
CORRUPTION WARNING in SBCL pid 37046:
Memory fault at (nil) (pc=0x100018530c)
The integrity of this image is possibly compromised.
Continuing with fingers crossed.
CORRUPTION WARNING in SBCL pid 37046:
Memory fault at (nil) (pc=0x100018530c)
The integrity of this image is possibly compromised.
Continuing with fingers crossed.
CORRUPTION WARNING in SBCL pid 37046:
Memory fault at (nil) (pc=0x100018530c)
The integrity of this image is possibly compromised.
Continuing with fingers crossed.
CORRUPTION WARNING in SBCL pid 37046:
Memory fault at (nil) (pc=0x100018530c)
The integrity of this image is possibly compromised.
Continuing with fingers crossed.
CORRUPTION WARNING in SBCL pid 37046:
Memory fault at (nil) (pc=0x100018530c)
The integrity of this image is possibly compromised.
Continuing with fingers crossed.
CORRUPTION WARNING in SBCL pid 37046:
Memory fault at (nil) (pc=0x100018530c)
The integrity of this image is possibly compromised.
Continuing with fingers crossed.
CORRUPTION WARNING in SBCL pid 37046:
Memory fault at (nil) (pc=0x100018530c)
The integrity of this image is possibly compromised.
Continuing with fingers crossed.
CORRUPTION WARNING in SBCL pid 37046:
Memory fault at (nil) (pc=0x100018530c)
The integrity of this image is possibly compromised.
Continuing with fingers crossed.
CORRUPTION WARNING in SBCL pid 37046:
Memory fault at (nil) (pc=0x100018530c)
The integrity of this image is possibly compromised.
Continuing with fingers crossed.
CORRUPTION WARNING in SBCL pid 37046:
Memory fault at (nil) (pc=0x100018530c)
The integrity of this image is possibly compromised.
Continuing with fingers crossed.
CORRUPTION WARNING in SBCL pid 37046:
Memory fault at (nil) (pc=0x100018530c)
The integrity of this image is possibly compromised.
Continuing with fingers crossed.
CORRUPTION WARNING in SBCL pid 37046:
Memory fault at (nil) (pc=0x100018530c)
The integrity of this image is possibly compromised.
Continuing with fingers crossed.
CORRUPTION WARNING in SBCL pid 37046:
Memory fault at (nil) (pc=0x100018530c)
The integrity of this image is possibly compromised.
Continuing with fingers crossed.
CORRUPTION WARNING in SBCL pid 37046:
Memory fault at (nil) (pc=0x100018530c)
The integrity of this image is possibly compromised.
Continuing with fingers crossed.
CORRUPTION WARNING in SBCL pid 37046:
Memory fault at (nil) (pc=0x100018530c)
The integrity of this image is possibly compromised.
Continuing with fingers crossed.
CORRUPTION WARNING in SBCL pid 37046:
Memory fault at (nil) (pc=0x100018530c)
The integrity of this image is possibly compromised.
Continuing with fingers crossed.
CORRUPTION WARNING in SBCL pid 37046:
Memory fault at (nil) (pc=0x100018530c)
The integrity of this image is possibly compromised.
Continuing with fingers crossed.
CORRUPTION WARNING in SBCL pid 37046:
Memory fault at (nil) (pc=0x100018530c)
The integrity of this image is possibly compromised.
Continuing with fingers crossed.
CORRUPTION WARNING in SBCL pid 37046:
Memory fault at (nil) (pc=0x100018530c)
The integrity of this image is possibly compromised.
Continuing with fingers crossed.
CORRUPTION WARNING in SBCL pid 37046:
Memory fault at (nil) (pc=0x100018530c)
The integrity of this image is possibly compromised.
Continuing with fingers crossed.
CORRUPTION WARNING in SBCL pid 37046:
Memory fault at (nil) (pc=0x100018530c)
The integrity of this image is possibly compromised.
Continuing with fingers crossed.
CORRUPTION WARNING in SBCL pid 37046:
Memory fault at (nil) (pc=0x100018530c)
The integrity of this image is possibly compromised.
Continuing with fingers crossed.
CORRUPTION WARNING in SBCL pid 37046:
Memory fault at (nil) (pc=0x100018530c)
The integrity of this image is possibly compromised.
Continuing with fingers crossed.
CORRUPTION WARNING in SBCL pid 37046:
Memory fault at (nil) (pc=0x100018530c)
The integrity of this image is possibly compromised.
Continuing with fingers crossed.
CORRUPTION WARNING in SBCL pid 37046:
Memory fault at (nil) (pc=0x100018530c)
The integrity of this image is possibly compromised.
Continuing with fingers crossed.
CORRUPTION WARNING in SBCL pid 37046:
Memory fault at (nil) (pc=0x100018530c)
The integrity of this image is possibly compromised.
Continuing with fingers crossed.
CORRUPTION WARNING in SBCL pid 37046:
Memory fault at (nil) (pc=0x100018530c)
The integrity of this image is possibly compromised.
Continuing with fingers crossed.
CORRUPTION WARNING in SBCL pid 37046:
Memory fault at (nil) (pc=0x100018530c)
The integrity of this image is possibly compromised.
Continuing with fingers crossed.
CORRUPTION WARNING in SBCL pid 37046:
Memory fault at (nil) (pc=0x100018530c)
The integrity of this image is possibly compromised.
Continuing with fingers crossed.
CORRUPTION WARNING in SBCL pid 37046:
Memory fault at (nil) (pc=0x100018530c)
The integrity of this image is possibly compromised.
Continuing with fingers crossed.
CORRUPTION WARNING in SBCL pid 37046:
Memory fault at (nil) (pc=0x100018530c)
The integrity of this image is possibly compromised.
Continuing with fingers crossed.
CORRUPTION WARNING in SBCL pid 37046:
Memory fault at (nil) (pc=0x100018530c)
The integrity of this image is possibly compromised.
Continuing with fingers crossed.
CORRUPTION WARNING in SBCL pid 37046:
Memory fault at (nil) (pc=0x100018530c)
The integrity of this image is possibly compromised.
Continuing with fingers crossed.
CORRUPTION WARNING in SBCL pid 37046:
Memory fault at (nil) (pc=0x100018530c)
The integrity of this image is possibly compromised.
Continuing with fingers crossed.
CORRUPTION WARNING in SBCL pid 37046:
Memory fault at (nil) (pc=0x100018530c)
The integrity of this image is possibly compromised.
Continuing with fingers crossed.
CORRUPTION WARNING in SBCL pid 37046:
Memory fault at (nil) (pc=0x100018530c)
The integrity of this image is possibly compromised.
Continuing with fingers crossed.
CORRUPTION WARNING in SBCL pid 37046:
Memory fault at (nil) (pc=0x100018530c)
The integrity of this image is possibly compromised.
Continuing with fingers crossed.
CORRUPTION WARNING in SBCL pid 37046:
Memory fault at (nil) (pc=0x100018530c)
The integrity of this image is possibly compromised.
Continuing with fingers crossed.
CORRUPTION WARNING in SBCL pid 37046:
Memory fault at (nil) (pc=0x100018530c)
The integrity of this image is possibly compromised.
Continuing with fingers crossed.
CORRUPTION WARNING in SBCL pid 37046:
Memory fault at (nil) (pc=0x100018530c)
The integrity of this image is possibly compromised.
Continuing with fingers crossed.
CORRUPTION WARNING in SBCL pid 37046:
Memory fault at (nil) (pc=0x100018530c)
The integrity of this image is possibly compromised.
Continuing with fingers crossed.
CORRUPTION WARNING in SBCL pid 37046:
Memory fault at (nil) (pc=0x100018530c)
The integrity of this image is possibly compromised.
Continuing with fingers crossed.
CORRUPTION WARNING in SBCL pid 37046:
Memory fault at (nil) (pc=0x100018530c)
The integrity of this image is possibly compromised.
Continuing with fingers crossed.
CORRUPTION WARNING in SBCL pid 37046:
Memory fault at (nil) (pc=0x100018530c)
The integrity of this image is possibly compromised.
Continuing with fingers crossed.
CORRUPTION WARNING in SBCL pid 37046:
Memory fault at (nil) (pc=0x100018530c)
The integrity of this image is possibly compromised.
Continuing with fingers crossed.
CORRUPTION WARNING in SBCL pid 37046:
Memory fault at (nil) (pc=0x100018530c)
The integrity of this image is possibly compromised.
Continuing with fingers crossed.
CORRUPTION WARNING in SBCL pid 37046:
Memory fault at (nil) (pc=0x100018530c)
The integrity of this image is possibly compromised.
Continuing with fingers crossed.
CORRUPTION WARNING in SBCL pid 37046:
Memory fault at (nil) (pc=0x100018530c)
The integrity of this image is possibly compromised.
Continuing with fingers crossed.
CORRUPTION WARNING in SBCL pid 37046:
Memory fault at (nil) (pc=0x100018530c)
The integrity of this image is possibly compromised.
Continuing with fingers crossed.
CORRUPTION WARNING in SBCL pid 37046:
Memory fault at (nil) (pc=0x100018530c)
The integrity of this image is possibly compromised.
Continuing with fingers crossed.
CORRUPTION WARNING in SBCL pid 37046:
Memory fault at (nil) (pc=0x100018530c)
The integrity of this image is possibly compromised.
Continuing with fingers crossed.
CORRUPTION WARNING in SBCL pid 37046:
Memory fault at (nil) (pc=0x100018530c)
The integrity of this image is possibly compromised.
Continuing with fingers crossed.
CORRUPTION WARNING in SBCL pid 37046:
Memory fault at (nil) (pc=0x100018530c)
The integrity of this image is possibly compromised.
Continuing with fingers crossed.
CORRUPTION WARNING in SBCL pid 37046:
Memory fault at (nil) (pc=0x100018530c)
The integrity of this image is possibly compromised.
Continuing with fingers crossed.
CORRUPTION WARNING in SBCL pid 37046:
Memory fault at (nil) (pc=0x100018530c)
The integrity of this image is possibly compromised.
Continuing with fingers crossed.
CORRUPTION WARNING in SBCL pid 37046:
Memory fault at (nil) (pc=0x100018530c)
The integrity of this image is possibly compromised.
Continuing with fingers crossed.
CORRUPTION WARNING in SBCL pid 37046:
Memory fault at (nil) (pc=0x100018530c)
The integrity of this image is possibly compromised.
Continuing with fingers crossed.
CORRUPTION WARNING in SBCL pid 37046:
Memory fault at (nil) (pc=0x100018530c)
The integrity of this image is possibly compromised.
Continuing with fingers crossed.
CORRUPTION WARNING in SBCL pid 37046:
Memory fault at (nil) (pc=0x100018530c)
The integrity of this image is possibly compromised.
Continuing with fingers crossed.
CORRUPTION WARNING in SBCL pid 37046:
Memory fault at (nil) (pc=0x100018530c)
The integrity of this image is possibly compromised.
Continuing with fingers crossed.
CORRUPTION WARNING in SBCL pid 37046:
Memory fault at (nil) (pc=0x100018530c)
The integrity of this image is possibly compromised.
Continuing with fingers crossed.
CORRUPTION WARNING in SBCL pid 37046:
Memory fault at (nil) (pc=0x100018530c)
The integrity of this image is possibly compromised.
Continuing with fingers crossed.
CORRUPTION WARNING in SBCL pid 37046:
Memory fault at (nil) (pc=0x100018530c)
The integrity of this image is possibly compromised.
Continuing with fingers crossed.
CORRUPTION WARNING in SBCL pid 37046:
Memory fault at (nil) (pc=0x100018530c)
The integrity of this image is possibly compromised.
Continuing with fingers crossed.
CORRUPTION WARNING in SBCL pid 37046:
Memory fault at (nil) (pc=0x100018530c)
The integrity of this image is possibly compromised.
Continuing with fingers crossed.
CORRUPTION WARNING in SBCL pid 37046:
Memory fault at (nil) (pc=0x100018530c)
The integrity of this image is possibly compromised.
Continuing with fingers crossed.
CORRUPTION WARNING in SBCL pid 37046:
Memory fault at (nil) (pc=0x100018530c)
The integrity of this image is possibly compromised.
Continuing with fingers crossed.
CORRUPTION WARNING in SBCL pid 37046:
Memory fault at (nil) (pc=0x100018530c)
The integrity of this image is possibly compromised.
Continuing with fingers crossed.
CORRUPTION WARNING in SBCL pid 37046:
Memory fault at (nil) (pc=0x100018530c)
The integrity of this image is possibly compromised.
Continuing with fingers crossed.
CORRUPTION WARNING in SBCL pid 37046:
Memory fault at (nil) (pc=0x100018530c)
The integrity of this image is possibly compromised.
Continuing with fingers crossed.
CORRUPTION WARNING in SBCL pid 37046:
Memory fault at (nil) (pc=0x100018530c)
The integrity of this image is possibly compromised.
Continuing with fingers crossed.
CORRUPTION WARNING in SBCL pid 37046:
Memory fault at (nil) (pc=0x100018530c)
The integrity of this image is possibly compromised.
Continuing with fingers crossed.
CORRUPTION WARNING in SBCL pid 37046:
Memory fault at (nil) (pc=0x100018530c)
The integrity of this image is possibly compromised.
Continuing with fingers crossed.
CORRUPTION WARNING in SBCL pid 37046:
Memory fault at (nil) (pc=0x100018530c)
The integrity of this image is possibly compromised.
Continuing with fingers crossed.
CORRUPTION WARNING in SBCL pid 37046:
Memory fault at (nil) (pc=0x100018530c)
The integrity of this image is possibly compromised.
Continuing with fingers crossed.
CORRUPTION WARNING in SBCL pid 37046:
Memory fault at (nil) (pc=0x100018530c)
The integrity of this image is possibly compromised.
Continuing with fingers crossed.
CORRUPTION WARNING in SBCL pid 37046:
Memory fault at (nil) (pc=0x100018530c)
The integrity of this image is possibly compromised.
Continuing with fingers crossed.
CORRUPTION WARNING in SBCL pid 37046:
Memory fault at (nil) (pc=0x100018530c)
The integrity of this image is possibly compromised.
Continuing with fingers crossed.
CORRUPTION WARNING in SBCL pid 37046:
Memory fault at (nil) (pc=0x100018530c)
The integrity of this image is possibly compromised.
Continuing with fingers crossed.
CORRUPTION WARNING in SBCL pid 37046:
Memory fault at (nil) (pc=0x100018530c)
The integrity of this image is possibly compromised.
Continuing with fingers crossed.
CORRUPTION WARNING in SBCL pid 37046:
Memory fault at (nil) (pc=0x100018530c)
The integrity of this image is possibly compromised.
Continuing with fingers crossed.
CORRUPTION WARNING in SBCL pid 37046:
Memory fault at (nil) (pc=0x100018530c)
The integrity of this image is possibly compromised.
Continuing with fingers crossed.
CORRUPTION WARNING in SBCL pid 37046:
Memory fault at (nil) (pc=0x100018530c)
The integrity of this image is possibly compromised.
Continuing with fingers crossed.
CORRUPTION WARNING in SBCL pid 37046:
Memory fault at (nil) (pc=0x100018530c)
The integrity of this image is possibly compromised.
Continuing with fingers crossed.
CORRUPTION WARNING in SBCL pid 37046:
Memory fault at (nil) (pc=0x100018530c)
The integrity of this image is possibly compromised.
Continuing with fingers crossed.
CORRUPTION WARNING in SBCL pid 37046:
Memory fault at (nil) (pc=0x100018530c)
The integrity of this image is possibly compromised.
Continuing with fingers crossed.
CORRUPTION WARNING in SBCL pid 37046:
Memory fault at (nil) (pc=0x100018530c)
The integrity of this image is possibly compromised.
Continuing with fingers crossed.
CORRUPTION WARNING in SBCL pid 37046:
Memory fault at (nil) (pc=0x100018530c)
The integrity of this image is possibly compromised.
Continuing with fingers crossed.
CORRUPTION WARNING in SBCL pid 37046:
Memory fault at (nil) (pc=0x100018530c)
The integrity of this image is possibly compromised.
Continuing with fingers crossed.
CORRUPTION WARNING in SBCL pid 37046:
Memory fault at (nil) (pc=0x100018530c)
The integrity of this image is possibly compromised.
Continuing with fingers crossed.
CORRUPTION WARNING in SBCL pid 37046:
Memory fault at (nil) (pc=0x100018530c)
The integrity of this image is possibly compromised.
Continuing with fingers crossed.
CORRUPTION WARNING in SBCL pid 37046:
Memory fault at (nil) (pc=0x100018530c)
The integrity of this image is possibly compromised.
Continuing with fingers crossed.
CORRUPTION WARNING in SBCL pid 37046:
Memory fault at (nil) (pc=0x100018530c)
The integrity of this image is possibly compromised.
Continuing with fingers crossed.
CORRUPTION WARNING in SBCL pid 37046:
Memory fault at (nil) (pc=0x100018530c)
The integrity of this image is possibly compromised.
Continuing with fingers crossed.
CORRUPTION WARNING in SBCL pid 37046:
Memory fault at (nil) (pc=0x100018530c)
The integrity of this image is possibly compromised.
Continuing with fingers crossed.
CORRUPTION WARNING in SBCL pid 37046:
Memory fault at (nil) (pc=0x100018530c)
The integrity of this image is possibly compromised.
Continuing with fingers crossed.
CORRUPTION WARNING in SBCL pid 37046:
Memory fault at (nil) (pc=0x100018530c)
The integrity of this image is possibly compromised.
Continuing with fingers crossed.
CORRUPTION WARNING in SBCL pid 37046:
Memory fault at (nil) (pc=0x100018530c)
The integrity of this image is possibly compromised.
Continuing with fingers crossed.
CORRUPTION WARNING in SBCL pid 37046:
Memory fault at (nil) (pc=0x100018530c)
The integrity of this image is possibly compromised.
Continuing with fingers crossed.
CORRUPTION WARNING in SBCL pid 37046:
Memory fault at (nil) (pc=0x100018530c)
The integrity of this image is possibly compromised.
Continuing with fingers crossed.
CORRUPTION WARNING in SBCL pid 37046:
Memory fault at (nil) (pc=0x100018530c)
The integrity of this image is possibly compromised.
Continuing with fingers crossed.
CORRUPTION WARNING in SBCL pid 37046:
Memory fault at (nil) (pc=0x100018530c)
The integrity of this image is possibly compromised.
Continuing with fingers crossed.
CORRUPTION WARNING in SBCL pid 37046:
Memory fault at (nil) (pc=0x100018530c)
The integrity of this image is possibly compromised.
Continuing with fingers crossed.
CORRUPTION WARNING in SBCL pid 37046:
Memory fault at (nil) (pc=0x100018530c)
The integrity of this image is possibly compromised.
Continuing with fingers crossed.
CORRUPTION WARNING in SBCL pid 37046:
Memory fault at (nil) (pc=0x100018530c)
The integrity of this image is possibly compromised.
Continuing with fingers crossed.
CORRUPTION WARNING in SBCL pid 37046:
Memory fault at (nil) (pc=0x100018530c)
The integrity of this image is possibly compromised.
Continuing with fingers crossed.
CORRUPTION WARNING in SBCL pid 37046:
Memory fault at (nil) (pc=0x100018530c)
The integrity of this image is possibly compromised.
Continuing with fingers crossed.
CORRUPTION WARNING in SBCL pid 37046:
Memory fault at (nil) (pc=0x100018530c)
The integrity of this image is possibly compromised.
Continuing with fingers crossed.
CORRUPTION WARNING in SBCL pid 37046:
Memory fault at (nil) (pc=0x100018530c)
The integrity of this image is possibly compromised.
Continuing with fingers crossed.
CORRUPTION WARNING in SBCL pid 37046:
Memory fault at (nil) (pc=0x100018530c)
The integrity of this image is possibly compromised.
Continuing with fingers crossed.
fatal error encountered in SBCL pid 37046:
maximum interrupt nesting depth (1024) exceeded

Welcome to LDB, a low-level debugger for the Lisp runtime environment.
Error opening /dev/tty: No such device or address
ldb> unknown command: ``(lisp-implementation-type)''
ldb> + echo 'No working host Common Lisp implementation.'
No working host Common Lisp implementation.
+ echo 'See ./INSTALL, the "SOURCE DISTRIBUTION" section'
See ./INSTALL, the "SOURCE DISTRIBUTION" section
+ exit 1
 [31;01m*[0m ERROR: dev-lisp/sbcl-2.6.7::gentoo failed (compile phase):
 [31;01m*[0m   make failed
 [31;01m*[0m 
 [31;01m*[0m Call stack:
 [31;01m*[0m     ebuild.sh, line 143:  Called src_compile
 [31;01m*[0m   environment, line 1018:  Called die
 [31;01m*[0m The specific snippet of code:
 [31;01m*[0m       env - HOME="${T}" PATH="${PATH}" CC="$(tc-getCC)" AS="$(tc-getAS)" LD="$(tc-getLD)" CPPFLAGS="${CPPFLAGS}" CFLAGS="${CFLAGS}" ASFLAGS="${ASFLAGS}" LDFLAGS="${LDFLAGS}" SBCL_HOME="/usr/$(get_libdir)/sbcl" SBCL_SOURCE_ROOT="/usr/$(get_libdir)/sbcl/src" GNUMAKE=make PV=${PV} ./make.sh "${bootstrap_lisp}" || die "make failed";
 [31;01m*[0m 
 [31;01m*[0m If you need support, post the output of `emerge --info '=dev-lisp/sbcl-2.6.7::gentoo'`,
 [31;01m*[0m the complete build log and the output of `emerge -pqv '=dev-lisp/sbcl-2.6.7::gentoo'`.
 [31;01m*[0m The complete build log is located at '/var/tmp/portage/dev-lisp/sbcl-2.6.7/temp/build.log'.
 [31;01m*[0m The ebuild environment file is located at '/var/tmp/portage/dev-lisp/sbcl-2.6.7/temp/environment'.
 [31;01m*[0m Working directory: '/var/tmp/portage/dev-lisp/sbcl-2.6.7/work/sbcl-2.6.7'
 [31;01m*[0m S: '/var/tmp/portage/dev-lisp/sbcl-2.6.7/work/sbcl-2.6.7'

 * Messages for package dev-lisp/sbcl-2.6.7:

 * ERROR: dev-lisp/sbcl-2.6.7::gentoo failed (compile phase):
 *   make failed
 * Call stack:
 *     ebuild.sh, line 143:  Called src_compile
 *   environment, line 1018:  Called die
 * The specific snippet of code:
 *       env - HOME="${T}" PATH="${PATH}" CC="$(tc-getCC)" AS="$(tc-getAS)" LD="$(tc-getLD)" CPPFLAGS="${CPPFLAGS}" CFLAGS="${CFLAGS}" ASFLAGS="${ASFLAGS}" LDFLAGS="${LDFLAGS}" SBCL_HOME="/usr/$(get_libdir)/sbcl" SBCL_SOURCE_ROOT="/usr/$(get_libdir)/sbcl/src" GNUMAKE=make PV=${PV} ./make.sh "${bootstrap_lisp}" || die "make failed";
 * If you need support, post the output of `emerge --info '=dev-lisp/sbcl-2.6.7::gentoo'`,
 * the complete build log and the output of `emerge -pqv '=dev-lisp/sbcl-2.6.7::gentoo'`.
 * The complete build log is located at '/var/tmp/portage/dev-lisp/sbcl-2.6.7/temp/build.log'.
 * The ebuild environment file is located at '/var/tmp/portage/dev-lisp/sbcl-2.6.7/temp/environment'.
 * Working directory: '/var/tmp/portage/dev-lisp/sbcl-2.6.7/work/sbcl-2.6.7'
 * S: '/var/tmp/portage/dev-lisp/sbcl-2.6.7/work/sbcl-2.6.7'
[ERROR] Task was destroyed but it is pending!
task: <Task pending name='Task-1283' coro=<PipeLogger._io_loop() done, defined at /usr/lib/python3.14/site-packages/portage/util/_async/PipeLogger.py:83> wait_for=<Future pending cb=[Task.task_wakeup()]> cb=[PipeLogger._io_loop_done()]>
[ERROR] Task was destroyed but it is pending!
task: <Task pending name='Task-1284' coro=<BuildLogger._main() done, defined at /usr/lib/python3.14/site-packages/portage/util/_async/BuildLogger.py:131> wait_for=<Future pending cb=[AsynchronousTask.async_wait.<locals>.<lambda>() at /usr/lib/python3.14/site-packages/_emerge/AsynchronousTask.py:49, Task.task_wakeup()]> cb=[BuildLogger._main_exit()]>
[ERROR] Task was destroyed but it is pending!
task: <Task pending name='Task-1285' coro=<PipeLogger._io_loop() done, defined at /usr/lib/python3.14/site-packages/portage/util/_async/PipeLogger.py:83> wait_for=<Future finished result=None> cb=[PipeLogger._io_loop_done()]>
[ERROR] Task was destroyed but it is pending!
task: <Task pending name='Task-1286' coro=<ForkProcess._main() done, defined at /usr/lib/python3.14/site-packages/portage/util/_async/ForkProcess.py:186> wait_for=<Future pending cb=[AsynchronousTask.async_wait.<locals>.<lambda>() at /usr/lib/python3.14/site-packages/_emerge/AsynchronousTask.py:49, Task.task_wakeup()]> cb=[SpawnProcess._main_exit()]>
EMERGE_EXIT=1
==> FAILED emerge on ppc64le
The integrity of this image is possibly compromised.
Continuing with fingers crossed.
CORRUPTION WARNING in SBCL pid 37046:
Memory fault at (nil) (pc=0x100018530c)
The integrity of this image is possibly compromised.
Continuing with fingers crossed.
CORRUPTION WARNING in SBCL pid 37046:
Memory fault at (nil) (pc=0x100018530c)
The integrity of this image is possibly compromised.
Continuing with fingers crossed.
CORRUPTION WARNING in SBCL pid 37046:
Memory fault at (nil) (pc=0x100018530c)
The integrity of this image is possibly compromised.
Continuing with fingers crossed.
CORRUPTION WARNING in SBCL pid 37046:
Memory fault at (nil) (pc=0x100018530c)
The integrity of this image is possibly compromised.
Continuing with fingers crossed.
CORRUPTION WARNING in SBCL pid 37046:
Memory fault at (nil) (pc=0x100018530c)
The integrity of this image is possibly compromised.
Continuing with fingers crossed.
CORRUPTION WARNING in SBCL pid 37046:
Memory fault at (nil) (pc=0x100018530c)
The integrity of this image is possibly compromised.
Continuing with fingers crossed.
CORRUPTION WARNING in SBCL pid 37046:
Memory fault at (nil) (pc=0x100018530c)
The integrity of this image is possibly compromised.
Continuing with fingers crossed.
CORRUPTION WARNING in SBCL pid 37046:
Memory fault at (nil) (pc=0x100018530c)
The integrity of this image is possibly compromised.
Continuing with fingers crossed.
fatal error encountered in SBCL pid 37046:
maximum interrupt nesting depth (1024) exceeded

Welcome to LDB, a low-level debugger for the Lisp runtime environment.
Error opening /dev/tty: No such device or address
ldb> unknown command: ``(lisp-implementation-type)''
ldb> + echo 'No working host Common Lisp implementation.'
No working host Common Lisp implementation.
+ echo 'See ./INSTALL, the "SOURCE DISTRIBUTION" section'
See ./INSTALL, the "SOURCE DISTRIBUTION" section
+ exit 1
 [31;01m*[0m ERROR: dev-lisp/sbcl-2.6.7::gentoo failed (compile phase):
 [31;01m*[0m   make failed
 [31;01m*[0m 
 [31;01m*[0m Call stack:
 [31;01m*[0m     ebuild.sh, line 143:  Called src_compile
 [31;01m*[0m   environment, line 1018:  Called die
 [31;01m*[0m The specific snippet of code:
 [31;01m*[0m       env - HOME="${T}" PATH="${PATH}" CC="$(tc-getCC)" AS="$(tc-getAS)" LD="$(tc-getLD)" CPPFLAGS="${CPPFLAGS}" CFLAGS="${CFLAGS}" ASFLAGS="${ASFLAGS}" LDFLAGS="${LDFLAGS}" SBCL_HOME="/usr/$(get_libdir)/sbcl" SBCL_SOURCE_ROOT="/usr/$(get_libdir)/sbcl/src" GNUMAKE=make PV=${PV} ./make.sh "${bootstrap_lisp}" || die "make failed";
 [31;01m*[0m 
 [31;01m*[0m If you need support, post the output of `emerge --info '=dev-lisp/sbcl-2.6.7::gentoo'`,
 [31;01m*[0m the complete build log and the output of `emerge -pqv '=dev-lisp/sbcl-2.6.7::gentoo'`.
 [31;01m*[0m The complete build log is located at '/var/tmp/portage/dev-lisp/sbcl-2.6.7/temp/build.log'.
 [31;01m*[0m The ebuild environment file is located at '/var/tmp/portage/dev-lisp/sbcl-2.6.7/temp/environment'.
 [31;01m*[0m Working directory: '/var/tmp/portage/dev-lisp/sbcl-2.6.7/work/sbcl-2.6.7'
 [31;01m*[0m S: '/var/tmp/portage/dev-lisp/sbcl-2.6.7/work/sbcl-2.6.7'
